feature_1,feature_2,feature_3,feature_4,feature_5,feature_6,feature_7,feature_8,feature_9,feature_10,feature_11,feature_12,feature_13,feature_14,feature_15,feature_16,feature_17,feature_18,feature_19,feature_20,feature_21,feature_22,feature_23,feature_24,feature_25,feature_26,feature_27,feature_28,feature_29,feature_30,feature_31,feature_32,feature_33,feature_34,feature_35,feature_36,feature_37,feature_38,feature_39,feature_40,feature_41,feature_42,feature_43,feature_44,feature_45,feature_46,feature_47,feature_48,feature_49,feature_50,feature_51,feature_52,feature_53,feature_54,feature_55,feature_56,feature_57,feature_58,feature_59,feature_60,feature_61,feature_62,feature_63,feature_64,feature_65,feature_66,feature_67,feature_68,feature_69,feature_70,feature_71,feature_72,feature_73,feature_74,feature_75,feature_76,feature_77,feature_78,feature_79,feature_80,feature_81,feature_82,feature_83,feature_84,feature_85,feature_86,feature_87,feature_88,feature_89,feature_90,feature_91,feature_92,feature_93,feature_94,feature_95,feature_96,feature_97,feature_98,feature_99,feature_100,feature_101,feature_102,feature_103,feature_104,feature_105,feature_106,feature_107,feature_108,feature_109,feature_110,feature_111,feature_112,feature_113,feature_114,feature_115,feature_116,feature_117,feature_118,feature_119,feature_120,feature_121,feature_122,feature_123,feature_124,feature_125,feature_126,feature_127,feature_128,label
0.17789073427711666,0.05248632491398559,0.06486953535220104,0.007026906804661959,0.2019430630048834,0.07281326785205995,0.012066476284404853,0.0023860205914034674,0.1938438209679297,0.05968440022026549,0.023692076913774576,0.007123167169761023,0.16808030199857982,0.027895499947387173,0.02471285315820332,0.00701728972213197,0.0394597567779853,0.037832042452951964,0.037955447968235884,0.006986405362398265,0.03628107068175832,0.09936878653114292,0.005730845666546221,0.02154798275665645,0.0488221113097257,0.06076760524873056,0.04561995846557935,0.03518314967995777,0.018235824720694658,0.020893954249229556,0.02814235786336611,0.014629790611347374,0.19297477456367862,0.20481392701378104,0.20195097114764957,0.14637174758926727,0.0013082636882954131,0.026808683336431233,0.04442840346963598,0.04172560231305831,0.05052792149985226,0.09902395596292993,0.1406011453005749,0.11783223310879956,0.016929470912317317,0.06583874213719523,0.05660182353593873,0.03895980603169709,0.01063552444255858,0.018248248655116706,0.01829409770027757,0.045919407024101154,0.0024979076594744847,0.04713411129059721,0.1250176379616737,0.026757602215516138,0.11666774044841886,0.11267055176196834,0.11435510453373378,0.08212255617407435,0.033266311951942525,0.12059824630907387,0.04323488295139521,0.048582778267236046,0.0034972392552108803,0.010722710412321592,0.0263531216294356,0.20099612493829347,0.03244706376839854,0.02546723241002741,0.03795668926472064,0.09579658550357992,0.07125335847045484,0.012078886431297947,0.022719835666495217,0.09978093380496926,0.003461430824008226,0.01846264733117577,0.02175158104317989,0.11232448918584481,0.12061499701567249,0.1920377772126631,0.024182062709737436,0.0751368910217299,0.20481392701378104,0.07209368520683175,0.042550466772890295,0.1327305992246056,0.03751660441316489,0.02392570277383885,0.038369940652116796,0.04382222546444444,0.005386821419576336,0.018868339280732723,0.04128868965153021,0.05239988128885382,0.04265661508067567,0.06044965564797159,0.07872141600259143,0.0415997332750863,0.036766131994100906,0.06401797137122452,0.20481392701378104,0.14015057763526637,0.03482035307683198,0.20481392701378104,0.20481392701378104,0.08674213291430825,0.1303635465747536,0.17677393583169018,0.20481392701378104,0.16743808933740206,0.013070493656972349,0.01919608817733181,0.05045606131945096,0.005643995263164734,0.029531210445793186,0.026689839984809113,0.06756393861083076,0.01169526451351873,0.03954407432638595,0.06311771287847501,0.01771272293003948,0.015101715398144281,0.050533943893738005,0.01806879102539792,0.02657466158559497,0.013268616394419801,1
0.19707720912806856,0.006606083756444494,0.046600849644481177,0.007463559722897391,0.2143063369743797,0.019161445796429904,0.03134667961406506,0.011542796660575949,0.2143063369743797,0.022586778704716634,0.002722715414938977,0.009077620799319758,0.1732242015314376,0.037729388910017675,0.05875960988542411,0.010480132097575418,0.0390578981396889,0.012335901994825843,0.042249765064980356,0.009690312356258463,0.011269926965334935,0.039726902655318426,0.03087409170364115,0.011879462205382052,0.02352888011855723,0.0587696207934358,0.015433267552278094,0.031218092086557157,0.008782303618425046,0.04120954790828843,0.1093428054996118,0.06223691624902773,0.20113383655120157,0.2143063369743797,0.2143063369743797,0.15364833490885169,0.0008431134275593377,0.009952905456006788,0.07003848805445761,0.014741189036133352,0.0069119293870404,0.016358203546324418,0.0762577218551026,0.07192748801152961,0.008746004097727302,0.10631205563402661,0.15354910611285547,0.11470267264589001,0.01184512430842453,0.013097526006073456,0.01631649250840722,0.10260418171710103,0.0030699053582563533,0.02390655407269715,0.06380996028345064,0.040481573989408784,0.025545046157920127,0.03754604591013903,0.13978443314199387,0.07686687469997791,0.036517933374700676,0.1513380704716082,0.08026439790742589,0.15282918594001718,0.010447828952058612,0.00974093578900528,0.01045397472020809,0.2055211235915114,0.02130192996997815,0.03514795098544147,0.05080445017580649,0.12185259280736403,0.041333625532084924,0.027613356289755198,0.042566780379075346,0.12783293700364767,0.052475689036012685,0.03169159354940525,0.017548784845390117,0.08462438620374547,0.05010646434568879,0.057302999515083594,0.035694982040880174,0.07311363992966197,0.10326767768483518,0.0783194305797649,0.14294755509356083,0.2143063369743797,0.02420093241942602,0.04897807519492003,0.05646409438801,0.05947559125477958,0.03069689039866859,0.075223711956264,0.054722914466068494,0.10780801767884372,0.01675882635460665,0.05760377345508522,0.056829912870271906,0.028858281491413357,0.01247723872324391,0.036979220946283545,0.17595173636982325,0.10574250466181735,0.009579443004647956,0.11450335700647882,0.13880866434834785,0.07323703077417361,0.17939446073621565,0.2143063369743797,0.2143063369743797,0.18777419736538017,0.010988258236518618,0.004536456848229522,0.01916535262443144,0.004494371944639301,0.014660637574356284,0.011548391713194215,0.07525923742113966,0.031878337363588076,0.013397835619585515,0.011056224068707004,0.004171697226927297,0.0035932490165995748,0.038981986598766775,0.028265803940718256,0.04888774254188805,0.014201689407693419,1
0.12582230370727235,0.06402817491688229,0.020581868312890824,0.0006128047935834513,0.13206884689170753,0.05898067861683921,0.0019381510206339925,0.0005352155517599404,0.12250249240978567,0.06108268383586349,0.021524365072348818,0.0023092441874575124,0.126846353125316,0.03980677410237991,0.01706873065823995,0.0010597474920055528,0.03331795018450072,0.06760600794067673,0.03845916816662217,0.004360129315156901,0.06519378139474939,0.07538047860271219,0.006202273650885506,0.0011842879226205661,0.06344628016692612,0.16255058837415892,0.1736217276327675,0.05649006268835901,0.03492960548791242,0.053693939081531,0.03730456928741016,0.011272401085883997,0.1420131134743939,0.14055232243580196,0.16530060087207168,0.10792511180978054,0.0008731835971404139,0.026694490596676574,0.10540161914942077,0.0629137729322142,0.04071904726596677,0.13923774403429545,0.2173401181286895,0.2173401181286895,0.020971957976091214,0.08250708972952274,0.053204631652258014,0.02687099798895491,0.016374992463914627,0.03745471477915253,0.026769554267572077,0.035130775213458455,0.00331525247030881,0.04491812408383392,0.11028224663656512,0.060306136560050835,0.09325469251578285,0.060296190700046666,0.09277114666858055,0.2173401181286895,0.02856264738322189,0.05249706993965743,0.02999292582512453,0.03773980432270895,0.009249502044667991,0.011842273551840272,0.0058546066016180376,0.051588982268126894,0.017374485788408247,0.014237635062273357,0.011136376123192772,0.05347024507172015,0.025501998601437707,0.0033019111562032992,0.005937423095729405,0.07415354671906761,0.0016223929952562206,0.0007990515811672598,0.004951468884143836,0.08682274259374861,0.19919928010257643,0.1413219273175708,0.05295024763172337,0.16093278267287855,0.16116292996095194,0.03154948734384689,0.02481329570527297,0.06198020439273479,0.016578717040353706,0.02249696803410079,0.025262667058826738,0.08086061119547311,0.0019639538944646213,0.005865423687900195,0.05040938010436625,0.14039013865191396,0.04057933000076387,0.07784770024378533,0.2125250481835763,0.10702136115829088,0.030846752322522066,0.07975719909720241,0.1205578340659083,0.04746737192523506,0.05166297917421295,0.20684048984721645,0.2173401181286895,0.11825467605477119,0.08752560905782146,0.16612942920497759,0.2173401181286895,0.2173401181286895,0.020089673064032077,0.02792948923634619,0.0450889109322583,0.008479321268328016,0.03482428413301663,0.015740912050658546,0.025238755519446585,0.006499027178004347,0.018751856072126132,0.052270684292238016,0.05254216918266076,0.009556198999409505,0.03234910535565608,0.05915224852747138,0.08569116311676353,0.013810592123162728,1
0.1743127652491616,0.019724573960840965,0.025981131526103395,0.003484763306502862,0.1801347330226302,0.0506707561367927,0.013702044004410833,0.0014561695006849733,0.1618446179175436,0.04395409893792021,0.0026324834249339684,0.0009584345853976504,0.08918392334217742,0.08452675838591432,0.0076158632226379095,0.004529005512594611,0.050074675482981106,0.0349169906780193,0.08020430486270769,0.009097268118104638,0.032367324218680375,0.04903383159422841,0.019272793986409926,0.003085138611133192,0.028926953900613454,0.027973715444170145,0.010775499740869545,0.004722146018296221,0.024891008092814557,0.1007305335808669,0.12205398477225715,0.06299344063622862,0.1889807486282374,0.1952611779377931,0.19208152543343002,0.13498197822150365,0.0015215362390629899,0.02567190699622682,0.047035641547524105,0.011066025763851472,0.0011903622142350194,0.02616645805946374,0.10426745833582038,0.05077605456240977,0.07352875654347327,0.11730093859867845,0.21224425868813473,0.19268837406199257,0.008120964881574736,0.02736471011925761,0.016617937279900505,0.07334207735393668,0.0003029274812291508,0.08147076901906689,0.06375436929949135,0.022994169127879164,0.0014840488245228363,0.056986895289935675,0.16396139480952976,0.08970715507927898,0.10262302426778157,0.05299103304874382,0.12432148671567925,0.16405222596281216,0.0027673973798359856,0.027181904111080554,0.025714917010915876,0.17479383583802646,0.0018462513451282727,0.04357844908226033,0.019373033876233483,0.08246378474887024,0.0014437113040055261,0.015598406859981212,0.012346409225807672,0.09060543505502341,0.014429386588264719,0.009135322845416089,0.005385215974330941,0.05694263109102901,0.060527136358783554,0.11983636344192816,0.03172298982150101,0.06608767631240905,0.16315687149363864,0.12444618406451421,0.09571029585427329,0.12832342407337885,0.040952396225210116,0.025738150228395356,0.013038693019444055,0.021838806711656892,0.024517649517907143,0.038613797940896186,0.02774906934673229,0.06515513039286229,0.03028204912105269,0.04617944298348602,0.0862050141438521,0.046194713230253606,0.06403737063065153,0.06686157655627101,0.1968219902993941,0.1309943712832741,0.04550194029255177,0.1335418498529848,0.1399333469311182,0.05317480224917737,0.14292724640647567,0.21224425868813473,0.21224425868813473,0.21224425868813473,0.009921604235693215,0.011714541681944727,0.030739929714062347,0.008482381866238365,0.031748498785306944,0.02653307574232004,0.09509350611520004,0.015704303634271832,0.11947493203483502,0.054662119741366755,0.01604562839828429,0.0038111119873417885,0.08797456126780849,0.12564150196146984,0.04961303232868501,0.01894280194027779,1
0.16930794437927651,0.06516146205006511,0.0350799053827128,0.0061635702224229014,0.19186097651908238,0.08751478953263764,0.013725264266538811,0.002301519276699726,0.19978520386820373,0.07861322881845144,0.049814734047930916,0.0019812118638567887,0.16049155346746602,0.009479370365906122,0.0027386043267434916,0.00102270407447365,0.03432155876747666,0.07899023290632541,0.05809270980887528,0.011407961108085554,0.04653604083368877,0.1470829453581923,0.026798717770638223,0.031241265846621458,0.038661374267438875,0.07253508628257904,0.07007774163031591,0.045139729326725046,0.00813379062149625,0.010937752907977053,0.008075133529063869,0.007830089330665651,0.17727252104624847,0.18767132067585535,0.1947669029691085,0.15147124837772546,0.005183467623298321,0.03175694877150555,0.1457389158312316,0.14530476387068988,0.017953611224070982,0.12667251466940618,0.20190991848958809,0.1347687440429199,0.0056528136410469755,0.02608539289179892,0.04852550296349699,0.04014308402443164,0.008275267720782804,0.022733674213864952,0.025735215678910035,0.05923552629923943,0.03301814322589451,0.031089612039218992,0.08369799687365495,0.05752303477654808,0.09240623234665583,0.15374152159657825,0.07315337662593348,0.10250346241779472,0.010084600075355664,0.039098993268956814,0.03803982494241533,0.033156450878341896,0.008428894859674145,0.012262383363803808,0.018089640028894956,0.14052695760627495,0.0828705453046776,0.03859023490872224,0.009185148129112948,0.11291562742855925,0.042958884139384375,0.05532855690141091,0.008244804024576394,0.14232774919805258,0.0046853133515611465,0.012679560612186763,0.013951596490677922,0.1294611879888018,0.11023915683711825,0.20194871998489156,0.06798439673908478,0.06053747175876557,0.12324058519404828,0.1147152037467871,0.04349126364412115,0.056672950648608604,0.007509417105099561,0.06200371136952199,0.02882442945488657,0.10868604641282732,0.01522340821558377,0.018952216238944837,0.03089863463813225,0.06301941924374768,0.03503314126441097,0.05749834002028034,0.12782361354007138,0.0837226266069435,0.01746283045180167,0.08154173483684893,0.1452157298897242,0.10262520682615968,0.0106988336540869,0.0949680280518556,0.18681039706540742,0.12355210737283408,0.1477962357451946,0.1980811706774123,0.20194871998489156,0.1629169507236208,0.012056598206440656,0.0063219569836430525,0.028819668616932824,0.03338722160784178,0.011855985251378987,0.011014105367241846,0.018357331092380982,0.020180900469948356,0.019411962794763652,0.03219085926446063,0.09116821621577845,0.010925988323785813,0.08175074713857935,0.02714769833204058,0.028822200167326808,0.008982885680168182,1
0.1625553196706858,0.011169392240620917,0.01573961700040909,0.001634780820853378,0.1730044278584128,0.04265262881585125,0.007705570212017606,0.0007106359453323394,0.16079322864998966,0.08181914383576468,0.016147588203561783,0.003970864108714392,0.1435897807035229,0.050502273642140244,0.014185856536983612,0.0035368110482444804,0.031143760904262116,0.01974280059136816,0.05546215172246966,0.007515275862773042,0.04148040995276576,0.06846076992153517,0.007285010126655158,0.008838538140133374,0.04044378059471492,0.07711607274022095,0.05357151346428219,0.053001271879624154,0.010747653478394207,0.026365131471626106,0.0315524817480155,0.024353516280864608,0.17463366933333735,0.20306992951307262,0.2011712704397319,0.13950715684536033,0.004577186917321972,0.04521936408725233,0.05885044450039225,0.02965945996070341,0.05091302247125961,0.10094674593079796,0.17216302689088855,0.1424481916019749,0.03041278890407779,0.09910921755220091,0.1051942271560168,0.06940601179891569,0.013134752063925153,0.01312859893897621,0.011733373023846838,0.049841764197401946,0.0044841004200167674,0.07321957153239791,0.1292311347884885,0.02777317177467342,0.12633890084772598,0.12116167612330876,0.13398814771083506,0.10545279111387983,0.05028507509628819,0.160283542410978,0.07872817982087944,0.0681263977201715,0.0065059120091739454,0.004900906733804167,0.013648880026210088,0.17068918209753908,0.035439003112527345,0.01129610348456079,0.010380515637286326,0.08817255967719241,0.07815367089869368,0.010698386675624349,0.009417988454798831,0.08530439763667749,0.005514300316969235,0.006773309054156144,0.008973200643895935,0.08633231022149734,0.07568899076139923,0.06477302201818019,0.03006842385139045,0.09119373758416688,0.1389081741688459,0.049790279166608324,0.03392763985360427,0.10184993012308947,0.029395728966907182,0.01979155810055556,0.034439374865936276,0.060211011198050154,0.003082521620858547,0.01457777685933918,0.045332297270945544,0.09332876189219562,0.059924034429270946,0.10402259281997098,0.13584489494808702,0.056016836823897125,0.052832370892351536,0.10562468046452544,0.20804299482028538,0.12030361410108424,0.07225438500949485,0.20804299482028538,0.20804299482028538,0.1074676322268539,0.11951095332898287,0.1863135896697845,0.20804299482028538,0.20804299482028538,0.01869673926448981,0.023986958185000212,0.029002817406082407,0.003449040070956261,0.02873057426280119,0.03494962598618632,0.05042059062538925,0.0074498758353290185,0.04285795172065028,0.07760307209044251,0.03776124443915485,0.009325195695028916,0.092264605566259,0.052129818947254235,0.05716702394004077,0.015380358873227688,1
0.178804834093549,0.029085274832358447,0.0181429247933872,0.0010201678856321297,0.19009997512318244,0.0597019658798015,0.014039987028155194,0.008926071701922767,0.1051212971152555,0.04122225533989895,0.004630022231527284,0.00505850567502357,0.11752979969200597,0.018808652678448858,0.026114192453409037,0.00016286088255705884,0.039081531940780186,0.028620488270737366,0.07332983228162726,0.012690425798787375,0.033324041714604485,0.06722808316615773,0.021375898969212343,0.007190098223803291,0.07599960449554927,0.04371295034045572,0.0618536352915446,0.018235266378157613,0.09082870333734137,0.051051667346778684,0.09177834189397008,0.017276848334710257,0.18829765650548355,0.20604086978247818,0.20604086978247818,0.15764563820583058,0.0006258888586539529,0.03418970901138027,0.06702772606624854,0.024117760407089406,0.059734615583557596,0.08938414329279264,0.16240231356056561,0.08253341498189713,0.06515420338727293,0.11442820585901153,0.12122346773781906,0.06347999475014372,0.019519413866004573,0.013158136028746232,0.016445668277774172,0.08117246376057838,1.6535856090352913e-06,0.0631197421718395,0.041274301453802294,0.03590544711683849,0.05817116976270323,0.06646144186855596,0.05682312559321803,0.10459411883544883,0.0908783039643768,0.13062070617005647,0.02111946366560587,0.07490684812331994,0.0047172831418773355,0.004669249543751775,0.016898320036711788,0.18517843364473302,0.0046651838197774515,0.052351991575419185,0.02591559625787476,0.08679829300134156,0.007151004448600581,0.020780994247836335,0.01676163740396196,0.10806337954206942,0.0110835730168288,0.010252295089413391,0.003033239654829597,0.12870599871062774,0.08203605885934037,0.07768634302247202,0.032348831858172,0.09579720674920497,0.20604086978247818,0.10990738687700127,0.07831952700222004,0.17401969885678822,0.05375119965774681,0.034376395683727315,0.0401816664757789,0.06129488796606482,0.004915678631584234,0.016491260048713315,0.06640757885812525,0.1403119522228975,0.03342044422985861,0.10572001610724889,0.11285631588125275,0.0587686166783815,0.061876352728747974,0.10394322209983305,0.20604086978247818,0.14263522429438844,0.05125662753506542,0.1708811820103713,0.1247874585158989,0.04475622664391543,0.13317101918315075,0.20604086978247818,0.20604086978247818,0.14546510920151234,0.011917285818523322,0.02734722291826662,0.04806050449514432,0.0026342206929386015,0.054590389712498986,0.04602514706199577,0.10723389017932979,0.009759030994199454,0.10848056690885692,0.11466525409791324,0.022087784820829404,0.0045694562600934185,0.054269296530278,0.03591953243591257,0.049536659844166796,0.006340866194113866,1
0.1545157612337227,0.04433775599001134,0.023072869693283846,0.0005312481223715646,0.1679542747088317,0.060881706265816814,0.004955091368562206,0.00021494017056533066,0.14729671338500122,0.11004295212714868,0.013305855040082889,0.00042514026082554943,0.15535730370851863,0.023360608403647797,0.0036756197088145624,0.00027521825462677906,0.0381788208730481,0.058225197350402526,0.02592255043674428,0.0057135313546138305,0.04380188219421219,0.0826847066681449,0.005235603545736675,0.0077199849225101785,0.046760483852023534,0.13310871752497436,0.07332732065729287,0.03408497906623942,0.018662608911802166,0.013457325363110409,0.0113482144593244,0.0040157853949921865,0.16671300931183017,0.21027209397878674,0.21027209397878674,0.15620666214339374,0.002377977370317389,0.025098872278069933,0.08280029120971517,0.07044467282179592,0.08504743395700189,0.16145652870613342,0.21027209397878674,0.19929399885094973,0.030625024927388722,0.06301940671298409,0.037266619541514355,0.04458468131944212,0.009859111718689126,0.017694065211017802,0.02437174318606203,0.05017246283512063,0.0037533719563060384,0.05039706822727862,0.12081977213402709,0.05030492930774768,0.12283370962329285,0.08358314900188653,0.11208820457397889,0.1318034932246302,0.03028258000060547,0.034940532899259996,0.02900068000596385,0.04019866680575076,0.0040776357519755405,0.004545412478484421,0.007771413838681819,0.15563057734103403,0.005304824605167652,0.01046149941426769,0.0143069311396358,0.10474922923726714,0.020524003662518418,0.006499423215703032,0.010720134216047457,0.13587014279088275,0.0016993052376337362,0.0006750073918010969,0.0055723360053137145,0.11883147545352898,0.09064715176140391,0.05555586275014321,0.044246376707261684,0.1045552797273025,0.11171213118997038,0.025713278990608313,0.03657283570074977,0.0830961016546044,0.01560957816196035,0.00958038678631199,0.0279487702737068,0.11643356232588878,0.005479588279410774,0.014758276959427977,0.04925881571211382,0.1287845667119764,0.0569874506618469,0.12514368796705772,0.14348966766382232,0.07642752984702093,0.0527625001729995,0.11350677173981676,0.14361699002901737,0.07066534476837935,0.05700835663864888,0.15372212335744995,0.1539919618811871,0.07716169060641007,0.1427668452590498,0.21027209397878674,0.21027209397878674,0.21027209397878674,0.01518585868205107,0.022664220457880295,0.03478872174094985,0.008038612985760212,0.0440978776041839,0.04227246303648552,0.026585895206577427,0.008277310996672373,0.030490281230418068,0.1313197701046644,0.06731334581078943,0.005260061730729511,0.038772311338383283,0.06168473221025188,0.06250195543534261,0.009003744364120303,1
0.17018909122152404,0.019053595554219094,0.021780087476901622,0.00255184546533368,0.17875288783922688,0.019393911248392605,0.008327044775025938,0.004399733389884757,0.19303254878963805,0.007210852330146085,0.000410239110699404,0.0013190457454898261,0.1505428451898351,0.003122715506140027,0.0008913661833630173,0.009136121560755453,0.047281851098250116,0.04885618015262338,0.03103163158445771,0.010316740722636341,0.13119940265058486,0.09216162546627704,0.012938399033805455,0.04385727798566478,0.034913888447364705,0.023160402269691644,0.02358201322715847,0.015538814930034492,0.005986576737923368,0.005902087375296836,0.010226060847787311,0.023098555032887203,0.18831791343856,0.21357414706636124,0.21357414706636124,0.18272648587273482,0.018911305502092437,0.0347891190007971,0.0890905836925234,0.05643803590460321,0.02826986424077103,0.16809179975585337,0.20652867647848686,0.11019487841538933,0.007497405938788157,0.050594763288429725,0.06821569806057497,0.04381924719782831,0.010545000400537916,0.03206933931031532,0.028752460959859887,0.05299532886229602,0.004184768150080813,0.06201353193494439,0.158853861019848,0.06001029163384309,0.06697495992946031,0.11200586838326694,0.06712227255330258,0.06987855722311921,0.012363469880014277,0.08556256161251335,0.0427980065356566,0.02809115569483769,0.0022836835929263884,0.015610738148025568,0.019832250424474195,0.09778188721145462,0.024359140812445553,0.020902926411693622,0.063503965916133,0.11362563593331526,0.036070400228869086,0.01702362266424434,0.014344686240896545,0.07993431500348673,0.003889854455831264,0.03632452065330178,0.038280967024033045,0.09178138010336234,0.07201379483252557,0.09274864206014113,0.09980226598264187,0.20569897478579374,0.07957418327278842,0.04603252978924499,0.053692262391283545,0.07862576084380496,0.025415942533401483,0.04700164066695195,0.043142958335915194,0.09559761359568456,0.007728289161275046,0.027458935541079362,0.05299847658341539,0.04530187964045153,0.09031623724035745,0.08395142760201302,0.21081975303631104,0.14800576457181228,0.052855695103988624,0.10942324187951491,0.12341280511792044,0.0593690670283041,0.052570498993843126,0.21357414706636124,0.21357414706636124,0.13177313687548245,0.15493490161926693,0.18992062082242706,0.18997417205413186,0.1191619329504767,0.017824839179366732,0.025581122750982375,0.06969599006598604,0.014203135123869974,0.020065354009038337,0.018454740853717296,0.029997640610526885,0.009758694484715487,0.020124616094696464,0.019333861867094976,0.034421951076115245,0.008239575246267828,0.05749700644967161,0.01387999647359074,0.01235496707754251,0.014356991008106786,1
0.16343554981236807,0.035925679739815634,0.0550030571967726,0.005676342009537535,0.17831575965862015,0.07329182792002853,0.017458500995622798,0.0022398755186921935,0.17128006180807256,0.09148516871043032,0.01282639509063225,0.0010419141456214514,0.15041176797465944,0.05241339032169113,0.019829874010149205,0.0013037729035317376,0.0345776424449204,0.0509060061299939,0.037592403604353494,0.005618603431011365,0.034704089131905716,0.13087238122923345,0.013506033932388606,0.009828037804860874,0.03038766951926764,0.04432874243705425,0.02382303449831883,0.045895679630891674,0.014246859342676445,0.01985361848923156,0.024478234954084396,0.023147620925994438,0.18049602378571464,0.20127608074936218,0.20127608074936218,0.13889526231126073,0.0009912476683118419,0.00815998768897509,0.010555116203873786,0.015921892898342026,0.08600293906255914,0.0944472142471999,0.15543139039254253,0.13025851662442917,0.03252506434736387,0.08326197781895286,0.11222675013808625,0.0997296405925677,0.010551431957820684,0.01431104948066925,0.018483470642169087,0.068604795929457,0.0014794448256453573,0.02348660086784292,0.0432216004735571,0.016463654558929692,0.15535049915557128,0.1595991446938256,0.12307078525509557,0.055775382133567634,0.048170798743526824,0.1649262496666056,0.08523186497287381,0.07817387934664854,0.004475038251378458,0.005872417551634967,0.05538007434263554,0.17689204399586828,0.0327679886552095,0.039099749343162064,0.049064538794866136,0.10752814704850627,0.074498906761152,0.022135632421211197,0.026262841799722703,0.07155362576359119,0.01465506084702088,0.007011588700322912,0.028333199898985213,0.055544338832617134,0.09608487260547491,0.09251803929353505,0.038380839037160726,0.05452615522847599,0.18313505756645068,0.06855504904615593,0.08264270860410276,0.17577507470694279,0.04142762354157828,0.010942082789233075,0.05717433013871595,0.09685426418273092,0.005343657744244879,0.013030677517251758,0.06903806150415157,0.13732979234770032,0.06088556821122814,0.1026329027297097,0.028496921044428213,0.016663534222374862,0.04637742933991469,0.06991907490109267,0.15539150816811959,0.0898398115718157,0.03909965663178957,0.16460846345885816,0.148947474944393,0.08023879430045601,0.13322836738007895,0.20127608074936218,0.20127608074936218,0.17038101303991654,0.017795016481920795,0.017671701510719298,0.03409538394110131,0.003847304634601975,0.030402839668162963,0.04207097730152381,0.07403682376623542,0.008289699513164658,0.06075015748728763,0.16909485377885855,0.04002949938246523,0.007252527000203719,0.0672483637171106,0.043897078020628436,0.05364904735438561,0.01066590177964677,1
0.1644028229062433,0.0377272742110418,0.02653133767922331,0.002541721673520403,0.17221274624645055,0.02840129320150243,0.004265087297027202,0.0004916934463700478,0.1983670056247899,0.052879839035200236,0.04906380895062363,0.0006248252481650392,0.17058785543510757,0.011821545765984383,0.011505552462742792,0.00025859839039854505,0.0401732754472715,0.06298929689488512,0.03053390019476924,0.0059038728656806445,0.08490222012858525,0.12079467171329537,0.007232265529970606,0.010766774814822655,0.03789373968973134,0.04436652166994983,0.09665854853822235,0.038288684381117745,0.016886404261516785,0.013437530620925323,0.01165410386421074,0.004402345739171794,0.17209569672655478,0.20209485235263705,0.19798108722854493,0.1426140476675462,0.02492597159898348,0.025727275095965715,0.08229840969066608,0.06189165835234072,0.042928347653429524,0.13901592783780048,0.2048595597238969,0.2048595597238969,0.008372034792612077,0.049069893325183606,0.0628274921296404,0.06034623921086843,0.010329408016852896,0.013746496473672947,0.012041698090106967,0.043764929842559835,0.024677664761467242,0.0546029073893532,0.1136231535932732,0.042044879873555485,0.0752143664716364,0.19273168976426,0.09199003906139191,0.14804935880891237,0.005358078138487191,0.058440434253003604,0.055366548024416345,0.04250715034810293,0.008480964858365065,0.008037813958449266,0.008039032368977607,0.13929369023727223,0.03194967493001322,0.027098041958265127,0.028135294307456437,0.08289341825682245,0.04286932095247366,0.02135939191712755,0.011781101750050522,0.0906712523733654,0.0040421743142955175,0.006520171452206541,0.010528689980361392,0.10843880300373583,0.14349157393035084,0.09670171321925593,0.04553553743949555,0.07765176330686516,0.11601074468485759,0.054193313878683085,0.06035048449967481,0.06362586680008739,0.009474011126795473,0.04204504939019715,0.03332555761663199,0.07357468598650306,0.005423773301632282,0.02040756256552509,0.06878166387025719,0.0925487767327191,0.03451591228224844,0.10920142695317113,0.12816021546762021,0.11153985161501696,0.01930916727956733,0.09194849578357141,0.17036054945560425,0.11378051357151264,0.015556483495080743,0.18686076620948486,0.16002639798633342,0.11428619310028162,0.16098948656530204,0.2048595597238969,0.2048595597238969,0.2048595597238969,0.013160036305531659,0.015451144563201038,0.017756166515567256,0.0035491173583898803,0.02100638046089131,0.02174163947472787,0.017062897777792498,0.0059865148843252,0.016153946024276437,0.03535473304201454,0.04307868410970534,0.007330227593650654,0.05302812723455377,0.020769388386894988,0.027647576789897217,0.014456319199407321,1
0.17354688165483662,0.06182901631657005,0.04005935237323135,0.0015996673702952581,0.18905552857530414,0.06027927404619954,0.009663405241933307,0.0012151662406919457,0.16763470747423448,0.08781500647144863,0.015028172978884055,0.0006317645825226342,0.1516191451222995,0.04725336254834417,0.012606790947444248,0.0003668187221454067,0.039872781605576606,0.03533700436694752,0.018979362801184323,0.0036939474679781054,0.0284525608355262,0.1041742037935064,0.007899206694465298,0.01317756517376461,0.046148962972213874,0.12831524207877898,0.08012710022901963,0.02687729407744707,0.04308519280761199,0.047170715805299475,0.017563350194145157,0.005498914998315801,0.19146400198018138,0.20845014605487333,0.19938930480147737,0.13121478437957612,0.0002383132313942411,0.017511369523451427,0.04908070210633703,0.03446365214019983,0.02792039085405851,0.08629658317913046,0.20845014605487333,0.20845014605487333,0.036308667636807505,0.07587755400678986,0.04306172368259158,0.03329603019213713,0.010222836955475885,0.013769939328878754,0.018766423880922634,0.03945439076090106,8.132431739930094e-05,0.032002707918391285,0.08187716218898412,0.026043883703670508,0.04741348135380277,0.04298933151086643,0.05968113203901157,0.09760690307499008,0.06512075680963349,0.16681211066279095,0.03739747361659079,0.024610672553066943,0.00481589171616278,0.010303705297947429,0.019310300252116597,0.14220395646698886,0.02267920566892083,0.011214226352811576,0.020759990427662207,0.09415127549274672,0.08710935824911985,0.013970706971441782,0.009553241281132078,0.08398649362567126,0.052161149998915586,0.010865804482989357,0.007264900189566075,0.08227186216544281,0.09160899708136058,0.17516624119630267,0.049997185320143155,0.08749461378875698,0.19258356353974754,0.10385210798099362,0.06917770913997012,0.11443241343411621,0.07377596635032817,0.10218839833659911,0.05343895253084971,0.08298314979347804,0.011722630457761897,0.019798514068095366,0.05932952566500735,0.09718623089521314,0.03128661021258516,0.05649507419921838,0.08336977155107132,0.03718386962008404,0.025488035345524858,0.060497219769215876,0.16850125885141035,0.08703487513597045,0.035662663111359634,0.20563728911500392,0.20845014605487333,0.11491192095126827,0.13627922432740308,0.1885039594524189,0.20845014605487333,0.20064010697279724,0.012757341101426704,0.01700515695957481,0.02101163137742727,0.004346902955238896,0.017669239465236363,0.012690194659554281,0.024896643012569535,0.008253723941507867,0.013686855381932334,0.04064669047334969,0.025929646904580834,0.0040147422301620266,0.03127988876877337,0.04187159284468984,0.051440104231426524,0.011405149393139675,1
0.14291564300215642,0.0699626511224303,0.01177405499437202,0.000842545900355888,0.16152445116382588,0.03634875891297911,0.006182643443078158,0.0010742665514496628,0.13548334315247898,0.09852268495486798,0.010570502329105554,0.0005157176873877296,0.1117403535535559,0.060238709981923474,0.009778917766882222,0.000361721283428244,0.05288307585315523,0.07796270693786429,0.03228272716623992,0.0033920960006594554,0.11272896992897058,0.07881295302383308,0.025971575251967655,0.01744455715041066,0.07855696969370075,0.07732641812723975,0.07146810972776182,0.02554957455606739,0.07238888035755786,0.03144294724581431,0.03135327328057966,0.01207169295005448,0.16386223342922962,0.17297950169077192,0.2073380509345048,0.14113660002414188,0.002767062091109412,0.05292250818791839,0.084667954470575,0.06339319412243417,0.05751226154886357,0.10453889783503,0.18361564789877877,0.13884076754218186,0.0630575538316278,0.14161023277314103,0.1602270117299281,0.1128679930930116,0.011549624591318933,0.029003990736947434,0.013726921445571623,0.049897792846241254,0.0004467489390046438,0.0983712341136012,0.11184714525980782,0.04745878227204001,0.06778615318532433,0.06140781381040539,0.10919388503756888,0.09220050066646303,0.07372951091494026,0.09441553890259856,0.03658984555929482,0.0669018793736365,0.00830458085078142,0.01386275180829406,0.00844971673489809,0.08256756924975103,0.009795076552286073,0.025121783191077055,0.020378347211909696,0.08074384126532069,0.0038015825502482115,0.001665231167016624,0.008514889046580583,0.08591864442932852,0.004388093430783504,0.008717008933104278,0.003943009297329194,0.08986593311061776,0.19368907233290636,0.11372980726116708,0.080808198514123,0.1371640025423944,0.10313463866495973,0.043611224888577216,0.04703932940774721,0.05796515485989111,0.03732547079845094,0.05653035449088959,0.02678395477886368,0.055268264956592414,0.009859684961417937,0.016467884664728843,0.02859944769990576,0.08283669719591201,0.053927664217580905,0.09295231176429299,0.20587598268748816,0.12809861321143418,0.02092313449448127,0.09643065186085752,0.11825400232548845,0.05412158089165601,0.13877348644839654,0.20910163029859838,0.2002277347514865,0.09292810801959712,0.1379956737719216,0.18591076720020586,0.20910163029859838,0.20910163029859838,0.020537773378626337,0.028054481063374544,0.034845565901140685,0.007125634320409139,0.03985031622396753,0.013263909121349466,0.014800320047249741,0.004497711167708709,0.046698904370169235,0.050073113194762084,0.031950440686947586,0.006640477559903473,0.029120632471859174,0.05350627092506728,0.05174189461433129,0.007788624865026732,1
0.1834063616286834,0.022618055346636967,0.039131705541653225,0.0032394339181597677,0.19650957166800082,0.06492447851840681,0.019169671191720982,0.0009797835933549016,0.15391721729641486,0.046140688182970804,0.004851975384365211,0.0005669840160654121,0.09449207568690571,0.056675577071783924,0.04657625708636414,0.025918644667812487,0.03913578895679498,0.05898499512769924,0.08894861524175034,0.008455289809393269,0.019875742955330306,0.06845218445390466,0.024598952913989707,0.0038285729764089877,0.04081691359686777,0.0415351129623858,0.013624085021857942,0.019652529809385477,0.06908644750168325,0.04604170262530156,0.0659424469891226,0.0869216652034128,0.1926719556122334,0.20734402438327276,0.20734402438327276,0.15977427367063157,0.00151624023109369,0.029711904923535776,0.04175609507228452,0.013569585133188157,0.025764655076559936,0.05543124568118594,0.12179776215644163,0.09964831003121187,0.09731615515735226,0.1274740214772183,0.14791984106010939,0.16436337600124373,0.015371914939334734,0.020276826909395047,0.013195243115766888,0.06965709546670917,0.00020683226644033567,0.024634619590248936,0.017250683776661148,0.017063370206378332,0.039374002057716295,0.06101188715898797,0.08197865341225417,0.04426317036582217,0.12380920006338145,0.094613847335868,0.09615178195538182,0.08922738969714016,0.010016685606354336,0.020882975767579793,0.012460275872460732,0.20734402438327276,0.003454978961941243,0.025717858710635103,0.009530813871582661,0.1278461584171871,0.009135553146639018,0.015085393802576626,0.007763454287460665,0.10146869847520977,0.01268489226771613,0.004774331545025295,0.025570179920597833,0.09871763186150834,0.07305321161901253,0.09347676178793887,0.01730092978805896,0.03860625177190976,0.14893792011298676,0.11409418185455968,0.07457974742558468,0.1532520851897437,0.02552019061565865,0.016869430190771112,0.0367473162389438,0.06207474497963799,0.009955676677126036,0.019253800687827737,0.04078285685188702,0.15053414420267938,0.031247190134855603,0.037034132898204855,0.04152484269768465,0.02659109482252226,0.07830537996598609,0.1268787562535717,0.20734402438327276,0.15454767673451184,0.06690107330726702,0.13123480060476403,0.09350457512451774,0.05074090853657943,0.1616009588700269,0.20734402438327276,0.20734402438327276,0.2056532784719747,0.016768253461171105,0.004425814428109893,0.008958321841011299,0.0018500934517804032,0.05142865343095941,0.029355488115954453,0.05705100401138624,0.008827673631924453,0.10003579991284538,0.07837521263385357,0.012015893295532055,0.002269724143176696,0.052262641644844975,0.09536560682900486,0.1078272898180899,0.024513234457342777,1
0.18018075171531592,0.02060473713990723,0.04118119274120409,0.0011513686228013804,0.18624844402649293,0.07143612126486171,0.014785828423193231,0.0037892508349308333,0.15452474940567673,0.07633938804760014,0.029606814645320896,0.001696912228867441,0.1293618243658979,0.026079275050113884,0.02609396977517377,0.0014219461071774417,0.03421848218224057,0.016725235089196842,0.024622865465323336,0.00553707873226636,0.023965491944906058,0.08899103238752439,0.02154391243952495,0.01779727886585198,0.049773178279581796,0.05798822168592427,0.06247643842719029,0.04714550347565126,0.06849115069909303,0.04979375724013438,0.04039826148300661,0.02028791532194337,0.1958165541683438,0.21067807299409635,0.21067807299409635,0.16688962939518404,5.219628852320228e-05,0.02519936648785785,0.1155899899091332,0.0543211207137293,0.03581516193686394,0.102151120938116,0.12363789338400973,0.12316935362229732,0.06733078853796531,0.16700860910753001,0.09544873373153709,0.06169992240265957,0.015527474617659048,0.016539264842129187,0.01438176818739689,0.04150281089714337,6.071299187133351e-06,0.06088813924653373,0.1429898531213207,0.06132125663044471,0.06168813792841671,0.048907884467092606,0.08936692448963213,0.09514559076981138,0.06268411353292962,0.1302052143499723,0.06284053964653566,0.05051290084853808,0.0038462499461071344,0.00603835515178725,0.009635812754610156,0.13869072771787805,0.002367600817950507,0.015891177200615496,0.024753902018103312,0.0933335676766718,0.0321761102761373,0.001661003148288798,0.008482435548029436,0.09015555797990578,0.020369488096738282,0.0012518156468191973,0.007236646253498804,0.09000118965623957,0.06923524924838492,0.1268123024166514,0.07464475805721378,0.14488563153530626,0.1623580913997019,0.08644480453057284,0.07243719406255303,0.10589962912533893,0.045888588101044604,0.05010530997681752,0.049695427991884374,0.08403788593195663,0.009020107764342571,0.01650336812175292,0.034103946360925605,0.09748046901787291,0.05790860505531126,0.07915441428666112,0.13803435214460943,0.07892234033832521,0.07711972636575745,0.05095591583908583,0.12944100684285834,0.08425829729608528,0.06526121681792658,0.21067807299409635,0.21067807299409635,0.1341809178694705,0.14649630415961407,0.21067807299409635,0.21067807299409635,0.16523990292539337,0.017117865819939442,0.015098350755054845,0.060752872489011796,0.010684302538852069,0.0291669747501129,0.012372768754688039,0.05447557705118098,0.013742855733728684,0.04951640732958997,0.05627586781274097,0.028352142448425204,0.006239589732943267,0.03567556806254746,0.02293069441933063,0.03705144477991722,0.009872757815336836,1
0.15143293843596295,0.03738203710075395,0.03667965302606046,0.003052357522890892,0.14735685096612489,0.049378467509067915,0.006947580692383418,0.0038613558436050464,0.12290355828022964,0.09214392663914169,0.004133335968925617,0.0021777368166753285,0.13295398240265133,0.09033147775613058,0.009502644271860873,0.0008392887344993826,0.03471559574275913,0.03528143525506533,0.02505534131479103,0.018024260968571765,0.09063878128079349,0.08136004636058568,0.005076714881420642,0.016472603092579377,0.10332561266488074,0.1127929452132392,0.08151274832328179,0.058439362033539624,0.017602094293623426,0.06990353348312334,0.05849955913586888,0.028740838178186037,0.16928658867642346,0.19800282734508337,0.1893206954824442,0.12195693426451676,0.004835430506916554,0.036285167089731854,0.0350557259726273,0.03492087274763671,0.030886329563948687,0.12398280975614892,0.21150602487137812,0.16166881371057437,0.034634954286585896,0.09303744722998379,0.1463425610317469,0.10520515812749177,0.01634075039125139,0.01742363760333146,0.0240865458405409,0.05641764619841115,0.000585377633714186,0.04848799146016207,0.06560471275250604,0.018946987171395365,0.09435119148044177,0.08088465132862355,0.15389018411363886,0.11933955877826502,0.10618521984982077,0.11284076013766081,0.059420093472693725,0.10370877468895924,0.00491374043258945,0.005775541387713383,0.031975262041673336,0.16029297385964575,0.0021508672048218902,0.04511395275649179,0.022920148806430347,0.08602393499497776,0.034643024157142065,0.011449078171968852,0.01363588121498346,0.07598120918226743,0.020749343748125003,0.008915277233196097,0.008458800697919096,0.07415275546730606,0.08941124217041983,0.07389435141440687,0.038909181174274304,0.04824358061635508,0.1547670619038701,0.06180384035582002,0.07117352634092201,0.07826650766293212,0.055159446957117914,0.052466094241322155,0.025107273500797524,0.051672896594721573,0.012512975204556711,0.03331950964763356,0.04720256128906897,0.16551492948765695,0.06470130360862755,0.0926680171110053,0.08505466480564691,0.05572573217865415,0.05948303929419949,0.11077390683799766,0.19154525220315038,0.1085125227838629,0.08060025494058379,0.21150602487137812,0.14086983532252173,0.07205010742958118,0.13005391395744073,0.20576490144363796,0.21150602487137812,0.21150602487137812,0.014092560430479385,0.015822190941647208,0.013704381500094443,0.02073799137584119,0.03533053636018018,0.01876568515902284,0.03424128449862623,0.028163268434452347,0.017183652205345838,0.038376020959793825,0.02546070328051995,0.010926801984474568,0.03620738282761157,0.07327654485367212,0.10760980686118732,0.0064811638539445755,1
0.18303228438457017,0.028297684268226507,0.049916404285391125,0.00804533819125329,0.18049846884812365,0.057600911004094896,0.030364640236624406,0.001571634438734729,0.13707537382856677,0.021052507957997242,0.0023026350584274455,0.0003246044511156702,0.13429626036488818,0.009215260008163292,0.0010264875473458314,2.5966534547192996e-07,0.03994637893939608,0.018769893953231677,0.03771916243699688,0.007180806398240796,0.05898667717134656,0.0761604828857998,0.012527562290703412,0.0037517525196421103,0.17068737694017275,0.06717555776165374,0.0070263429384021065,0.01569388830738509,0.028185419807344476,0.029177764693349324,0.008769239465857443,0.004217965211291431,0.1921677049075719,0.21012751203471886,0.21012751203471886,0.1515547685772077,0.002673822355228394,0.02993222107333598,0.027301600757680226,0.009501481564543357,0.03150313071749757,0.08297750128495067,0.08878539816002642,0.09424406054951097,0.06044095810298632,0.20624930874212774,0.13909635160254694,0.12508368605409545,0.03321377495035137,0.02534797382323735,0.011954082288696679,0.07110687856109467,0.0011830236273077774,0.07095084952899242,0.05546209809165805,0.014022795003791272,0.017833037252363435,0.07332193020275074,0.16664698793397523,0.04949107761883708,0.048801827620345926,0.050065551732141896,0.0840904051185377,0.06905947791042819,0.0072721607451210046,0.006604758081176672,0.014338706918235458,0.21012751203471886,0.0038242178265792182,0.018858567754076964,0.01774207490720454,0.1364018321402788,0.004978577748515613,0.016562685859565315,0.024778920085258484,0.08623139617761462,0.013352903939758883,0.004665512784570807,0.012894186124973542,0.06724410719348414,0.057035612672500804,0.0958423946291885,0.016262069949171946,0.039787983735849033,0.2073454310153498,0.10081180674415939,0.049745120176258796,0.16693371534668872,0.03871401772542392,0.022463345909085303,0.02788027912249132,0.06095407132177609,0.013124551362064382,0.019634619289390857,0.0323421915480384,0.043965858792066076,0.02259521031796309,0.053476559040759944,0.025747837050094067,0.00703948516182981,0.07024541812067382,0.06936168025445984,0.21012751203471886,0.14488170563426603,0.06482379939700421,0.21012751203471886,0.15705316097617306,0.10319138939429365,0.17235751441470637,0.21012751203471886,0.21012751203471886,0.17285675667423256,0.009433436635134669,0.01598126526166439,0.03215502927720649,0.006126417553276312,0.03697080682512764,0.03410267863603457,0.10820487540299117,0.015579627521961459,0.04028518658047084,0.024274483928864443,0.020042682551161685,0.004097666545140586,0.04205466383454229,0.03015892426629525,0.01300208700672299,0.005200777554320503,1
0.17323380614182018,0.019479022463669993,0.020501378833515417,0.0009082933017425792,0.1813480070526479,0.038973976628025306,0.006874825177844973,0.00027034283427049055,0.1545282958395215,0.031745922509532155,0.003867696041253401,0.0025831272238553173,0.13527675103858525,0.0014301086904685667,0.005401976079440119,0.004513318729276586,0.03729880609985277,0.02769703897511567,0.03195731508071615,0.004285926115226584,0.06808489961909364,0.057790721942991216,0.012721912059159506,0.011993796085747173,0.07813011610664379,0.027013467789688255,0.019418516287067606,0.019544798884040513,0.03257277463857715,0.012186594315883977,0.028042175827279726,0.012728529591872201,0.18835686977827326,0.21238592179369284,0.21146276654862114,0.14084790445791912,0.0036160209378109562,0.04870857665540827,0.07419975947174108,0.04702525374484552,0.0794105153895998,0.1385711386096114,0.13550155422812,0.08331611757312588,0.10994645710795274,0.21238592179369284,0.14114692200759293,0.04827498946756272,0.010366122417733369,0.015359075316606513,0.015763395599984437,0.0559585649774139,0.0020957420092558516,0.11088119518723605,0.0794663297367578,0.03144202170933163,0.060865527863689026,0.08469835277168615,0.12416487324966848,0.052885000097804294,0.06395687615112851,0.09423735990597529,0.06272042182104635,0.07030848244723487,0.007030468094066256,0.007050898201463666,0.015480578350081247,0.1598218098449482,0.003735043168448516,0.04792248885513728,0.013887354176005205,0.07299077852977819,0.008178397289090028,0.011088642229461636,0.009158011988109817,0.08530721635179081,0.00482025287283988,0.012474270636580366,0.013686297625392328,0.07225910993656574,0.1050321804860997,0.09208358465690791,0.03696742159156103,0.0762623031552053,0.18685090960418857,0.07226081015007818,0.050747487631868426,0.0970836561022242,0.02086318995041084,0.022606260752699104,0.0346742363748463,0.05133881464758159,0.008845227336072159,0.043609423253397096,0.05912701727094127,0.037805703032796734,0.04327626321349422,0.09084244224807382,0.1759172647839708,0.09216889564232782,0.04432515109080946,0.08115542097122187,0.1860044783339207,0.12304968469897908,0.07316177652665767,0.21238592179369284,0.21238592179369284,0.11400120865635134,0.16941688985207115,0.21238592179369284,0.21238592179369284,0.1294682881750602,0.014752143330063859,0.03196519520310987,0.02390886298995826,0.00266506466614692,0.04855100813473488,0.03169113230755378,0.0370544154692948,0.004792291689525454,0.09218504711977345,0.05575843800112071,0.015739267049003584,0.005738175935510573,0.04363450959458454,0.018493457190498615,0.014199819515829559,0.009764976155164964,1
0.14966238700814033,0.062090530341465236,0.02707471310361569,0.0013256081968073211,0.14255055845497194,0.024127235758237147,0.006153734007061805,0.00024878201613901137,0.1193180972835574,0.06507356282780713,0.015685373765681816,0.003626639847258313,0.13731676056402042,0.04405301932442326,0.020746755947857035,0.0030875729096688643,0.05400049738208174,0.06439333880378002,0.02799061425256843,0.004427034192069049,0.06877072759390948,0.04103046814457557,0.008550892223715965,0.003720287332074514,0.08115234899395603,0.03501577470012718,0.0549733050396725,0.040792975166279576,0.03969484130471287,0.03939811417547038,0.03562961079343019,0.018074989315002555,0.18218002019534268,0.20096854839503653,0.20096854839503653,0.1473534590459772,0.006341003452634353,0.045167685357401066,0.06766481801534266,0.05298608259471256,0.06308778652471828,0.149922302445345,0.20096854839503653,0.15599967217184985,0.04854125778425702,0.15988059831433887,0.1278791430575,0.09693132193807416,0.011173472400425564,0.01266612244040886,0.009803876835793078,0.03779631347712927,0.0031265235939521947,0.03128686416452026,0.03160667992758922,0.017242581117631283,0.10186962199471902,0.09634032886040078,0.08386421179357945,0.08379418972508292,0.07514817250615705,0.09441435254479062,0.07385742709225031,0.09382401516121965,0.0031085698405050074,0.00669642667553152,0.023110885763759227,0.16761364246479007,0.004011411958268712,0.03197258022747579,0.014767807264442444,0.0689777030590016,0.010397052810671204,0.010427225587312646,0.012876957408887169,0.072468637377316,0.0040772561683452375,0.004620725296127481,0.01802932594976797,0.08304061511435545,0.18191484004136707,0.07957480497372592,0.03128868501854466,0.08663542543887663,0.09980969075756797,0.10760546036031228,0.05742944867513573,0.19688170116030046,0.02356469983218844,0.02473610955684891,0.026382357908645956,0.06706250321952484,0.007871690234075857,0.01206345515462467,0.036775967275867426,0.07876011682834616,0.09446144972775267,0.11922600434426604,0.0648250054623584,0.02720302503235924,0.054748047119189576,0.12850937697168283,0.20014097618586735,0.15331302412415979,0.08002854240700927,0.1910000436288177,0.12383943185742838,0.08057101061859244,0.14197257441857492,0.18494386591085504,0.20096854839503653,0.1542453672848629,0.02812137825977944,0.043398041003665545,0.0643235967678571,0.004727477555042346,0.06905657079599618,0.04859553726127062,0.18485130943870579,0.012236269176578702,0.019540463186171034,0.05100021486282033,0.04476404858944518,0.01186492769616591,0.02973630765788352,0.026909176151246186,0.03200484467595517,0.014754953084689444,1
0.1640570328839557,0.05117610026361341,0.026160803779203195,0.003551973793813045,0.15823414825662288,0.038694665995171476,0.008309461209339994,0.003202809103293131,0.16434028828606217,0.08220527526672809,0.010234816141203144,0.0015231283207631596,0.14864666812566749,0.022859071300670924,0.006710404265450574,0.0005948065276452447,0.04756772453031821,0.06945925288745412,0.0277715921483127,0.010724453039861429,0.08468603163424557,0.09383663115047082,0.018494790389758917,0.0639319042498229,0.03470805299976071,0.06218206124583413,0.07953657027966707,0.05514206175041192,0.009953710901886932,0.007072524713092691,0.011494881617502043,0.013012934823315055,0.17692399627113026,0.20423266134726958,0.20423266134726958,0.15074121762452009,0.011310463452254765,0.04397378406854679,0.08459154128234601,0.06375122203935184,0.04997751759043605,0.12477989983273041,0.19087744143930224,0.13225373235561166,0.004559876721084665,0.032180311686581226,0.08139413777205204,0.058413866644290824,0.008887161575633523,0.02826795608389248,0.022963504608419078,0.04487525127421288,0.009096908210026405,0.07810507326605685,0.1266349771065611,0.040174980970154664,0.09813304373038556,0.17934290781076206,0.102199803984393,0.10733864566441251,0.00726624693282215,0.07935977660114152,0.035458050595229315,0.04155518754422279,0.003038343443976966,0.012255184332717719,0.016304186637350438,0.12095342648895363,0.022576026276723248,0.022548497766250796,0.03383368597660614,0.10653978495280164,0.03469567776360706,0.016937301026916943,0.012561414312512845,0.10270520267908043,0.0016957466995752052,0.029702003322327655,0.019360412371550784,0.0921334306578048,0.16729730970512463,0.1487587721401704,0.06981082197390986,0.1120673031546811,0.14823760500160266,0.04760735834966145,0.047218293107123825,0.06556199660458713,0.012665497540432806,0.012788473598684914,0.026614869633540067,0.10288439360216828,0.004123391719555127,0.020097272325402253,0.039953008474433546,0.09791381204206528,0.04944538177561022,0.10846367513399306,0.1620212662929767,0.10833183702871031,0.04378701356851698,0.1485688349545774,0.1328716203112455,0.07749763794641046,0.04568704283874043,0.18343111106571094,0.167153682247545,0.10378446172579635,0.11492999090847217,0.1748037455407122,0.20423266134726958,0.19632674131732358,0.014156397031521667,0.02089350167724093,0.056852349995671375,0.023412447135672684,0.03572195794565767,0.038898086478867604,0.034551867561807934,0.015045613732368027,0.033063503624714816,0.10472175971311483,0.07647447160342122,0.005070388315705215,0.08012757242125283,0.045963988812675945,0.0604804511847691,0.008235490933934657,1
0.15192951304266808,0.04723750189596376,0.013740333897280256,0.000254810105578093,0.19490718447449343,0.06744037391752465,0.004597354619328519,0.0004377078391607149,0.18798801061949486,0.08240992425659606,0.01619148303521606,0.0018385592658111758,0.15994718820213538,0.06434275642779627,0.018979056502740427,0.0016972681233388559,0.031101939055680226,0.03866689509701296,0.043387039934180006,0.005770801384749578,0.050793213233211454,0.05911222532078195,0.0033953584070800682,0.006654624778791071,0.055003707407862035,0.053692052265616325,0.051548064466506886,0.029668006139264316,0.022891224328207723,0.032083788282115056,0.04088050728046747,0.032846198661569216,0.15466655860392786,0.17520017008030722,0.18110446186525314,0.13419062377800078,0.0009143362239868649,0.029299068897343024,0.04734032263536312,0.029004868314772496,0.018008461244072817,0.07228119959502476,0.17407602474826075,0.1647493113777229,0.023017885105167942,0.08871562578366775,0.22390321371088703,0.22390321371088703,0.008458831075855539,0.015242730427522883,0.01209412127882062,0.034069063293715764,0.0006171610018005412,0.04335759842362214,0.06595119986187008,0.026829062576143283,0.08696036246848471,0.10382293510522819,0.08768271951862887,0.08246425328383518,0.06572190699897314,0.15354340483512263,0.08200691362512474,0.0775975066646315,0.005805304372589964,0.006610610693024481,0.005117080665883218,0.13624848435986622,0.036456513040151704,0.028120088726160414,0.022317520514638926,0.08581862369622083,0.06506468778640066,0.013339797053998846,0.01221931839421081,0.06975594981848238,0.015706600512688487,0.007247149965926046,0.007884500278354564,0.04434028452585019,0.09650106900749413,0.10892549717846131,0.024627770655493365,0.08558475537482457,0.19504455227924827,0.05106478183716847,0.026810276967594082,0.11753502817061909,0.04004706328493572,0.019190371010719322,0.04143546827889539,0.06705537604213568,0.005163253661353848,0.015457097425810277,0.04993344408504145,0.0854345066784049,0.034261340739986955,0.06052873454173804,0.09291401160672243,0.03606034293157742,0.026587588816569387,0.05578048506058848,0.1272098335130456,0.07496021152342265,0.04435205548870179,0.22390321371088703,0.22390321371088703,0.15431643212644072,0.11837317579600828,0.18281765416918574,0.22390321371088703,0.22390321371088703,0.014421854515560172,0.0141907319515411,0.02389771125616979,0.002524726555364475,0.020619062809208638,0.01645567092830755,0.0509914506111806,0.006821818450513832,0.02756183314041696,0.06220718055582465,0.027217988050176473,0.007413570558983315,0.034918695598982634,0.0397320798035035,0.047082140149744316,0.017278316483984514,1
0.12578747293140616,0.02980329852581226,0.008353092774439155,0.0027540844469326315,0.15578800129892506,0.050390453520305675,0.0026525067676006447,0.0009260591628366263,0.13129117635084178,0.08205209777512162,0.00950248689853298,0.0007327081481300452,0.12435344930474355,0.05416756309454283,0.005108336648039565,0.00031756436950828974,0.031105890683386067,0.02656751306627099,0.03312130423882802,0.009004809196729227,0.03852315532415489,0.04094966980801836,0.006295391698949901,0.006857011551318137,0.04690930713040537,0.11858005719867609,0.08273631707079661,0.01898546510986872,0.01983450672173902,0.04673803858909718,0.05158003020464471,0.013957717061471961,0.12952461485013966,0.16928722438480825,0.19297424452197962,0.12819423418443673,0.0006266129161433641,0.0390362111409893,0.12385928408403257,0.04536108913525942,0.025114368470539276,0.07548469387124698,0.2086594443356256,0.18093570235353007,0.029745804505365344,0.1491735866019539,0.21884859796983608,0.1824472505153638,0.013632088558868565,0.025319300415118047,0.017923721480195037,0.033491208239732444,0.0006063860016371376,0.05456613675526284,0.12975620891888082,0.05440722674340279,0.09636968579287129,0.043872116121134196,0.06569375167613385,0.14092454855870923,0.1061025396176084,0.14885422037214957,0.04194113903091158,0.07316099721682164,0.009866562894720585,0.013925145306742687,0.004275010332363927,0.09513982684132688,0.004121842606996209,0.01270924664718055,0.012576980823895325,0.07873055447849013,0.02442703343600333,0.0037197436209330174,0.009931621962057042,0.11219385349772837,0.013329172666694197,0.006967648269094911,0.0031331008606671007,0.049532654265230305,0.05937572259524756,0.04371674389859481,0.04203044013423402,0.11777498194858146,0.05302716483550177,0.0222118709319213,0.034951176304407486,0.06073265167407079,0.021929496724472305,0.03463717107544424,0.03730892916318833,0.048878221817600716,0.006577363167183465,0.03611418620603105,0.05997310433098894,0.07969867205763372,0.05284888136296773,0.08504097797058008,0.20686775557219214,0.11477379916607053,0.04207943884168496,0.07341747611507146,0.1210259333385873,0.05316500179827567,0.08653596433268577,0.21884859796983608,0.21884859796983608,0.14784330995817055,0.11041238805927633,0.21884859796983608,0.21884859796983608,0.21884859796983608,0.02090526572733693,0.03086053497577142,0.0405102788316817,0.011982036189858734,0.04148014511230754,0.02160798956378046,0.026770196969517997,0.009830881867596123,0.026216606036094797,0.06634396881784901,0.045959058194070306,0.014003724160103412,0.025837367374510232,0.06501634363526215,0.06493218077448945,0.02732503813474923,1
0.1692443368128115,0.03719952411895678,0.026356590135626756,0.00043874073408871106,0.20531866408511143,0.11684799933143446,0.009661255377997292,0.0023002956471962765,0.13516265486593104,0.07115896016996613,0.00783745465280964,0.0007424188095531686,0.14589494544708398,0.026390163423369736,0.009815273283327063,0.0007819989906877054,0.03595288023783582,0.06629322878503587,0.04096512835231438,0.0035361792327086522,0.022228903945690576,0.045031245617697654,0.014431011616560614,0.022273674613355183,0.030928589903944002,0.108619049140316,0.08449980854209022,0.030604914066712705,0.027389794346078973,0.031094472581610463,0.029648901230322988,0.008636474642498773,0.16958802619478774,0.1939049378584861,0.20531866408511143,0.13985369718017554,7.529229939650124e-06,0.01753556437293198,0.07236416320533168,0.06786131773252778,0.07053132449763652,0.13616917721962477,0.20531866408511143,0.16198745929393318,0.06214175607381866,0.090985884982378,0.042905710860267114,0.0524279030953166,0.011799726628149135,0.027165968464483308,0.02194154602852916,0.057716776633338296,0.0008476657457722801,0.059795055263888064,0.13822581736860848,0.046472305794887904,0.10229226459235678,0.05563756537155434,0.06831475096421594,0.13129331559502208,0.06580984316873205,0.1348803573856685,0.03760222290570517,0.04648372414324648,0.008410238610244088,0.016887684948689245,0.013474641900966455,0.11389297127775952,0.018049009938994564,0.021057625525513102,0.03135700293987225,0.08878083033566793,0.04649085998180475,0.002574738794727143,0.009977959091478876,0.09135853411817098,0.004725529786005507,0.004455217575548539,0.00926642692927153,0.08090107503277316,0.1178641475747793,0.15252695934984062,0.097288464744275,0.0901803447622021,0.20531866408511143,0.06767057912773701,0.05699223584552473,0.05486014242113804,0.042233523504330434,0.018844340984593328,0.03430497680748215,0.0870475578847201,0.003283350846559679,0.020722017730642618,0.04820836755736975,0.12109192783364661,0.028445448310020285,0.06869785058834296,0.15798760511696439,0.128068638359607,0.03246516372515175,0.09110265079504813,0.1075357580281725,0.07409252043460737,0.05971832156998855,0.20531866408511143,0.16200166465589855,0.09504791806860756,0.12930898381245717,0.17482216949445067,0.20531866408511143,0.20462281359563664,0.01270534548430614,0.008735907019588122,0.05518963263471146,0.022456435209694633,0.03677549516191109,0.022404879611735786,0.03205785892659303,0.016438101241537766,0.03827772488423258,0.1071513471563875,0.048317675054730135,0.004411414913452428,0.037109247305140834,0.07353449031857363,0.06790672084099197,0.009367778310912614,1
0.1863920254283902,0.0444681686495168,0.071338896923025,0.005111797432452307,0.20641961770764822,0.11752296850409984,0.03520600733665843,0.0021611814971802708,0.18984348479951688,0.06238277941124626,0.007189222027103077,0.002818592112852953,0.13613944840653627,0.011180384712500747,0.020704345808192522,0.002013368298748685,0.05182262695689954,0.04650143292030132,0.06866297388566521,0.0062690076364655106,0.01553946244287981,0.07984170658117945,0.02472758845228495,0.0011071450625534454,0.05107382987779616,0.0704683883539441,0.01653882058973361,0.015541649401997065,0.026082843753536297,0.03825987748372281,0.041211447530654685,0.008541519280716163,0.20641961770764822,0.20641961770764822,0.20641961770764822,0.14221434232543406,0.00021562223781403466,0.004098075986366906,0.009328923565741762,0.0046236340766428255,0.011894930257594721,0.05661598725507493,0.07590483192266714,0.07476766421011392,0.012845926394504721,0.10926363762214282,0.11509265638625264,0.07061332596363466,0.00902241900593444,0.013883085473554456,0.019686032564776246,0.09831492421025408,0.00024686341230162844,0.014482116579934094,0.02308750119372203,0.022263233583698982,0.04391151633015832,0.07327337644583562,0.11346742915922482,0.041617087161290006,0.0478944044807888,0.09773239166543377,0.06461869275723107,0.0347540545292408,0.00825725422217766,0.015382902601759799,0.03990561167556467,0.20641961770764822,0.033114582879674226,0.044478849277751586,0.04142115128568865,0.12548260974381598,0.14674034175142045,0.04074289381687492,0.03810178142204828,0.09569962699491792,0.0844521274463671,0.02519667917662685,0.017584854655283602,0.09731036469070216,0.06513130806519103,0.17825473889785426,0.036332380082669584,0.033449781282681716,0.20641961770764822,0.17478097677556237,0.0967317462178732,0.18921990187702378,0.09049166010009885,0.03038409047921433,0.030213280226802895,0.07288209571358678,0.019655532200204537,0.021886415756091543,0.0322525092529118,0.08909602440249922,0.014835154109838239,0.036646046100543506,0.042928339378543796,0.026587128378967078,0.03635948039792212,0.06032868130836971,0.1726968263886175,0.12137777686357146,0.015375372889964975,0.2030953149233712,0.14083116286290387,0.04968834737360861,0.12303420167861231,0.20641961770764822,0.20641961770764822,0.14765873815263914,0.008343057687711068,0.012176412743756432,0.017879628052511014,0.0015456064489695236,0.018987584244208475,0.025952038490972766,0.11780883184058696,0.01584041253866848,0.022168136384896293,0.07213915266555514,0.06013473585966133,0.010745324421485309,0.027891736289991996,0.03547150942585438,0.05908440275632938,0.009490447881058505,1
0.18635418356478078,0.01045787940875652,0.028132636442839965,0.007512807275120197,0.18718295680306113,0.06572405704545457,0.017403084728330576,0.00545495575821543,0.1823510158324666,0.023172334399638863,0.005246020981867376,0.0008170511676050173,0.16243342272907102,0.0146984734872946,0.0012518671479319042,0.00018089473306924777,0.03622825059965508,0.012837159062605711,0.04568913401964224,0.0156810248240435,0.016358075215921825,0.08603888620487067,0.027570741346023993,0.017845624793133792,0.04005979519807459,0.06791761806435202,0.024632100181725652,0.0038741393045265914,0.01259046064874479,0.019967471435574254,0.0022300137768562845,0.004529202554824603,0.19139655752620716,0.2076053026228116,0.2076053026228116,0.16589911591206977,0.006368242176581403,0.01769346272697352,0.11726348292666182,0.07048444976012334,0.0683474607785908,0.2076053026228116,0.2076053026228116,0.16957258271573594,0.007405713688364186,0.022977120148769507,0.05211424209407498,0.10386550753245052,0.012262241082362225,0.016113823043093455,0.020804638432444244,0.05889156865970216,0.010823854166268201,0.023615852875732223,0.10689496848271167,0.0757938370134092,0.06509692948016371,0.07475516209903202,0.0690494162085271,0.09953579534325523,0.005374363958805943,0.021497781672669993,0.11731867341838367,0.05893124247207503,0.0056914295611977875,0.005605848629565194,0.01598231410865851,0.14760144659346358,0.021031252328498864,0.008551617992261831,0.03866006430420994,0.11441363833045842,0.02967961424637584,0.010171872752361887,0.013495861869616876,0.0943643636393606,0.00026203283848509547,0.005244342027881587,0.02378827294774237,0.10709600025904813,0.05523438035742171,0.0852510674643426,0.09454363069492355,0.13835334651689163,0.12397471663282708,0.07546964298049519,0.08797512299653876,0.10818834282611882,0.020103105957040374,0.014716680690446972,0.042151644887010245,0.09729039335942731,0.005721995810313857,0.00941160651991781,0.03319356911653373,0.055439869289589834,0.034106105722118425,0.05522782320716467,0.10339962697510742,0.10317156631022353,0.08624120471007295,0.126710194722804,0.15980875892435734,0.09334837842410501,0.009795470259712058,0.15179314638538002,0.2076053026228116,0.12845114568577154,0.1524617627801662,0.2076053026228116,0.2076053026228116,0.18133027817903846,0.011763835438663434,0.009579458480883141,0.03384986705082125,0.018087450204221683,0.024598495807670862,0.043178363625975935,0.026912626009072196,0.013013076773484664,0.015214708368079012,0.044230325245112875,0.016946696589246538,0.002881637159422816,0.07500868140167725,0.02527075672154946,0.009567076693322886,0.00518655776019465,1
0.17920570155073196,0.05952826058220708,0.0552893316610216,0.00956064158244986,0.18481588025064824,0.09982624210197512,0.01700377746366892,0.0022787262024187988,0.16332263029587174,0.041314672926980864,0.0013958023444475029,0.0013686916053308094,0.12115546933728172,0.02558149811159623,0.0031530873307527,0.0006620535540844242,0.04875414138396199,0.05511003741140229,0.0634664752304218,0.008136316895126033,0.021237122320810622,0.1050451114023467,0.01098938819103755,0.015213406396824981,0.07593624694246665,0.08604572117412945,0.023140873482675503,0.021730010836537368,0.03005803826657803,0.06527636723141507,0.022601302772211566,0.007576453622781114,0.19896334035109242,0.20473452342778697,0.20473452342778697,0.14220972097947437,0.00020042213748362522,0.010002914998172597,0.033020135440506505,0.02311200505170674,0.018253804139553326,0.0840485857090873,0.1763399008371998,0.11220583096570944,0.01698255913077843,0.11893922928228043,0.16492611947604838,0.08650057046851245,0.010192282248726257,0.015842717240568745,0.020609783820091224,0.060807039695839844,5.3019197111662816e-05,0.02820228565440456,0.06508991855998895,0.01938622414125977,0.03195362619962232,0.024121365407387768,0.06898354892685483,0.05913395482517435,0.033140902465048964,0.023650146934720284,0.030393746631499862,0.060842073525598984,0.0024776801772009925,0.013340522451464401,0.026965572501223462,0.2032685130740421,0.02341901456091504,0.05548042631756665,0.04420838832429482,0.08960716587557044,0.09282494293341834,0.019056241492239855,0.02493983305529907,0.07538344006860305,0.03163112325122456,0.01400215474173459,0.009072254647187385,0.06678604110363213,0.07319232893628703,0.20473452342778697,0.04381618283366079,0.07756562182348391,0.20473452342778697,0.19472678395970236,0.04950013385890178,0.16521094429541497,0.09383569829804211,0.07156236718495511,0.03738982907652576,0.03129960808906399,0.025204166301359018,0.03323913522112784,0.08135273682045153,0.050259350878684876,0.04234756197735661,0.07679869875224252,0.11303120490602571,0.0471823605559988,0.062698276119681,0.0569992484243597,0.20473452342778697,0.1360725623663003,0.01479492607336731,0.11583980425461265,0.1753888743685247,0.10145179011075492,0.12580964630902547,0.18770259184778293,0.20473452342778697,0.17237931401391957,0.022623764216839225,0.023464877068360146,0.046784123181635995,0.007932518727928786,0.02856588852178502,0.022693380259497634,0.11442900265265937,0.019772605222035323,0.013620531791470521,0.03439540553410182,0.013368804467201869,0.01185595405434822,0.03541835288747084,0.035842368929856434,0.017354335370492194,0.031775586962717685,1
0.18427071248862953,0.0543347344057008,0.032916985020288315,0.0004709533484235837,0.21211419761920328,0.09544534612985513,0.014225760227104438,0.000595484181642364,0.18557365469490608,0.044407185691147,0.0016921138689659644,0.002045529934337604,0.14376770348391765,0.05406098185357182,0.01576121237775847,0.0026618255639830977,0.039813035491312196,0.03601259976372913,0.028593250886216337,0.008216655119053005,0.05611885889416468,0.12357390797848194,0.007030125145966511,0.009212284373532333,0.08854405617736208,0.05113895855988933,0.005470073883001695,0.05719989633995393,0.038346142856954805,0.042954661992334595,0.03799150674243264,0.03354253205747801,0.1909909594151336,0.21211419761920328,0.21211419761920328,0.16142507681925583,0.006381040432175281,0.027928820507221157,0.028879618820577473,0.00826803755018421,0.013828741155696881,0.0173612035751348,0.06931416140897416,0.07340657006861945,0.034160944568117815,0.1554263526340676,0.13047640840503835,0.11215785691179098,0.013681189166065833,0.012656779145266367,0.02166270737870616,0.06718109347772905,0.004481063515975614,0.04588256416999376,0.0516598670623307,0.023737857646102357,0.016894796467725057,0.050263681716254414,0.14660016677632207,0.06284486284987786,0.0400636300989899,0.046394559128758735,0.07788495080279102,0.07106632374594878,0.006906700837522445,0.006281442751471494,0.01433851417499625,0.19724808438599456,0.03407004916263579,0.027073285944342083,0.010374740824080186,0.15915607333763546,0.032701398186398216,0.01440325121834267,0.02372003103328318,0.1121022135536857,0.06519188449171999,0.04525158384675141,0.008416931686344884,0.07006247846988671,0.07539702817801988,0.15760671575604748,0.009601776913024654,0.03947680294179846,0.21211419761920328,0.12451417955505084,0.0327861472556755,0.15578888521902715,0.0593402266428075,0.035008946106437705,0.02558140280250036,0.06444322655593591,0.07372018284138669,0.0970507281520381,0.044453234750726024,0.09804195794297267,0.028862218780291063,0.06799116937662758,0.03095228330611765,0.004420169960581242,0.026008160068930065,0.08014075396471615,0.19026919391347963,0.1055671441088323,0.009684592186740214,0.1154433431686453,0.14879376305956987,0.11096216710244998,0.12981381683510376,0.21211419761920328,0.21211419761920328,0.21211419761920328,0.016925686583675357,0.017145277811666946,0.021970159270568737,0.002188920822297722,0.022039829747547004,0.02332873694409075,0.08695193807037926,0.015702071942754095,0.017242731166798465,0.03486431008055005,0.032365685026227484,0.009079530153013033,0.03368519921187642,0.08696532098887948,0.05877688277519598,0.017218056310712503,1
0.17743281327340807,0.006314728560810134,0.039987405964979385,0.010047442657213069,0.18199049188287497,0.04319849141380747,0.0552001191499855,0.0029149965952835976,0.14366793830149532,0.056823663941715966,0.006493336858974986,0.0007256986691607249,0.1464306129565791,0.09510378731035539,0.03630347153282695,0.0019878196534608046,0.04199295626340294,0.01158710917488165,0.02504051647737794,0.010541907256883273,0.00890785307461542,0.0712281267730195,0.027153955150301542,0.007287044165052881,0.024558439508231267,0.12969413481319506,0.031546141032932316,0.026426661861496024,0.025293335139603426,0.05707258707012026,0.08692300293246784,0.06023621186006307,0.18436504495789055,0.2078800086567797,0.20046506578175674,0.13522697823807417,0.000382576647803891,0.009774961138577572,0.03021489925390826,0.016233798577016942,0.01138704638632811,0.039681658550578446,0.11630986808672444,0.11507447054596945,0.02293755765399881,0.10819931840901553,0.19293652478561704,0.14089298180696094,0.018325162911956242,0.015879723528055376,0.016097817283814146,0.06767817724928801,3.559402749033028e-06,0.011209835925129991,0.04996415817516853,0.024413458235693644,0.07756249644957022,0.05489050042746106,0.12961565025768607,0.07113169203571418,0.1040837302406046,0.1525888395029437,0.08148617492108406,0.12868901256003795,0.0028577953880966583,0.005842608540969643,0.017138639553006003,0.2078800086567797,0.0027682878397614877,0.005753850677485895,0.013362220496998166,0.1488906492156051,0.03956104999017189,0.009131882112864411,0.014879284372710253,0.0923809916297392,0.04675011050469599,0.009660262125666312,0.00998028181265125,0.07024806970701111,0.03358073676381279,0.07191652881239292,0.025050593756376145,0.030535784387405118,0.15511406102639583,0.15734870768747738,0.063898000800115,0.13301174757075834,0.08280465988659928,0.023682036237305488,0.02764472931583321,0.058682933010262395,0.0072392674129756664,0.01739483686857859,0.0217776557336732,0.11700178708281907,0.023157070839871605,0.05168003205708993,0.029733596019654644,0.007747310076629083,0.0697566257080432,0.07674866314333509,0.1484917333222629,0.10956431321970828,0.04952369324989352,0.17650307600589366,0.20604611926252248,0.10639823705655763,0.11910186944568298,0.2078800086567797,0.2078800086567797,0.2078800086567797,0.0105160346390144,0.005031692275026771,0.016927668888486597,0.0037277436999535595,0.021048309317614824,0.012248958168542098,0.05931851583252842,0.015441464429569072,0.05056272450083917,0.08830917102661182,0.020319641660836572,0.004255477586443068,0.03998341516263484,0.07498285140336436,0.08563410649723603,0.010130273587436966,1
0.18999900524922944,0.006962075676219578,0.07030782962008003,0.017985782089557784,0.20990700722176353,0.05567216115854617,0.03055400656789724,0.008942568933839424,0.20128169479553884,0.03645230409581922,0.010000348781217574,0.00532967802075358,0.15653372908212995,0.02167751654862827,0.03241223000193028,0.0022967863180703035,0.04055704378496793,0.029579390286938217,0.056621184240966495,0.007110347914079971,0.021160622204574382,0.06880564832465999,0.03553751780996479,0.006851101116432234,0.049902691016886845,0.05329297573933258,0.025851628318853837,0.03352133281990037,0.013643238494985726,0.020253933011029467,0.058340755531849496,0.02694396850436093,0.19395555248874938,0.20990700722176353,0.20990700722176353,0.15810399731470318,0.002189946486381325,0.02381338217956951,0.07731611317159945,0.014341002422754998,0.017118932382183143,0.030649452248270904,0.06277169651133373,0.06085104702282548,0.012502333158229347,0.14354307338853287,0.13074695646844464,0.07171807733756175,0.008848463367192512,0.016510846136214875,0.01329071130530206,0.07309856063635939,0.0024276143362431837,0.05614876512202781,0.09527107636030072,0.039509113628264515,0.034033038236828225,0.04779134250933072,0.15239178849531157,0.07605058979759052,0.017634853523374124,0.10739743645488405,0.06698942881417017,0.07957646619828679,0.007000743284450712,0.008954623196626637,0.013973928830092332,0.20990700722176353,0.014156232801226371,0.03756294222785911,0.046819614023321,0.11804118636721474,0.04299031731613514,0.02721813048602379,0.037785818908191014,0.11344901684582752,0.028406406447583177,0.030250243067350968,0.013021516769021895,0.09545445216994522,0.04854206419237241,0.12803999872659666,0.04097876540579345,0.05040132643845436,0.15373489311637084,0.1295528390029202,0.07706702736462022,0.19059201772988693,0.05261163190462266,0.0514037170412671,0.04104529204359499,0.040303951130033655,0.056537450379962266,0.05478505315963257,0.04244871941248247,0.08553230288042256,0.020853027308807073,0.04276029989405697,0.07113930624100388,0.02069484238140555,0.02942409228954062,0.04596953444672262,0.20155476183994622,0.14675819502586027,0.0106790731689099,0.1752001700074433,0.19259918994673297,0.09301837967600948,0.15198075595482238,0.20990700722176353,0.20990700722176353,0.17947922351569345,0.01045277756701036,0.004003231421672226,0.04088473415899622,0.00856978755741854,0.016294909114586795,0.011753666989137134,0.12084276870308927,0.02824232318396,0.012810171748341448,0.02635502092389057,0.01038110681198935,0.006997729547418372,0.032741436444585166,0.025321555236897456,0.03239854044863657,0.010443871237169805,1
0.1751582287096228,0.050441380732502136,0.022120961651461685,0.001192672260609522,0.17405054752470034,0.055683350790821096,0.011737554603920638,0.0025978028879409887,0.16645202316816696,0.06728532226268946,0.04236539559771706,0.0019187695008335039,0.12723603816476006,0.01237153281632766,0.008342204746035474,0.0007660089771445585,0.03738542875414226,0.06922967342067105,0.05821696210602625,0.005177180969651887,0.019166119794616597,0.04062053770711763,0.012524737649154644,0.02531988819451613,0.018459781656391443,0.06334747545232598,0.08768906831207461,0.04759271527575607,0.00993617027093908,0.01304525254144576,0.011517698198970352,0.004240748294571516,0.17126728772578093,0.19437566332864858,0.20846456126382776,0.1581569051853549,0.004474886467543897,0.01980833761472451,0.05263637103029562,0.0505962697635908,0.0296653727005851,0.13775830786964727,0.20846456126382776,0.20846456126382776,0.009890608090226509,0.05559272127391957,0.03374723881554708,0.01827541965862653,0.008101059362516191,0.03996515170413044,0.022210913388972322,0.06113591712768112,0.022223210988960955,0.04047191607277636,0.09021480785902797,0.03505394682169101,0.11857883610238057,0.12027794299330995,0.09572601247929087,0.12279321785578794,0.010634963810670712,0.04598545920460415,0.019431544213410108,0.022375668239155863,0.0052515870933306915,0.030967918568869806,0.011987791195529183,0.09837126572477434,0.03132219258591955,0.040661275982623035,0.03825078733213587,0.07807411013093402,0.051116762603913075,0.01271036932218852,0.009410489251857598,0.10316042083368092,0.005571572848732923,0.018353848025582577,0.015593983371176439,0.09202390228835679,0.07460949211485753,0.14915473565128592,0.06783241674057948,0.2037162890390892,0.1292669275027484,0.05214058931758757,0.06770255756094125,0.13031083633410023,0.009373242928198291,0.0279894924631087,0.029911106989117392,0.12148031726649727,0.009790711068091675,0.02716321839544887,0.04948141594600491,0.11097787469497433,0.05404538911017868,0.07232832017849344,0.16684780264584329,0.09861063952763928,0.0555853455575546,0.0985483021835927,0.13131265626587169,0.06518482291440773,0.02049896810728587,0.18975555174848807,0.20782389491100375,0.10928823563537898,0.12612013934082886,0.16542967461155506,0.20846456126382776,0.20846456126382776,0.02940822402345736,0.02263430721608878,0.08673413385413067,0.010693101524584175,0.04264939029712793,0.0772604304161413,0.05472045306074027,0.005937722259400344,0.029187731364501444,0.06556991605446325,0.08054359257895329,0.01000147794251888,0.037956644849599694,0.02977362795861425,0.051623020803448987,0.013616521733584363,1
0.17460448968928977,0.019487337615525964,0.03070948434545269,0.0011193492927953311,0.20511751244962836,0.07701027044487536,0.017688603435070584,0.0016988548918979245,0.20203952336108935,0.05061228602001754,0.0033072271651269783,0.0006195803495059514,0.14896455909341783,0.037565916040021505,0.012052199975745642,0.00012013320447415471,0.05247996219396944,0.04317635552166703,0.10382441073256159,0.0073064735729464324,0.027236694660866676,0.07016646041396865,0.012979861568685361,0.00894836924805962,0.05485233965951079,0.061826283837632355,0.019456203018020604,0.007403381442236138,0.023062983457313772,0.0240001552774342,0.027946024419020225,0.005902093026724491,0.19691066590608797,0.20511751244962836,0.19129451409242795,0.1306721501545316,0.0009762616849271624,0.015585190047315126,0.04872513570405815,0.03185936671509691,0.031992319183211146,0.11302217323509198,0.16259546336629171,0.09480161765672222,0.03560224052990771,0.14204880758448038,0.19372959668048936,0.13246366385406946,0.019869394212789424,0.027567009822440192,0.012760920047859906,0.08013658001103523,0.0002737962570922275,0.034102578025947655,0.08440224885974607,0.0316155276481933,0.047640306718057975,0.05704369360867452,0.09471394346435034,0.06646146377244416,0.037743580904510944,0.10949626707036586,0.07451680996711559,0.0734849424174265,0.0045053306094324785,0.04145945847192277,0.025661781484967366,0.17137638372047645,0.024153419630402673,0.05208800515404911,0.03851613290482195,0.0829898908428306,0.12458566396321615,0.00999671682358163,0.014132351601943798,0.08646801713398782,0.01520416064386325,0.003968109400008792,0.005358243247340078,0.07669986068713489,0.03715992202348793,0.12428667831322877,0.05149677314000003,0.0754988035067047,0.20511751244962836,0.1820950803066074,0.06131920094945958,0.14071862117922884,0.10847097613048337,0.02945110644204525,0.03641507619646417,0.06110366692302903,0.01717010822401478,0.013655347820874146,0.04242279153571532,0.08336905938394508,0.01730408427962049,0.034980456139877505,0.11964186781880932,0.06648366443475193,0.05079639647214471,0.06339369862336361,0.15071969841209207,0.11443212085663337,0.017465053737375995,0.17154431499357525,0.16196483335146827,0.05765341157672566,0.12938694091694825,0.20511751244962836,0.20511751244962836,0.1647944954901122,0.010801020994200092,0.009807461131022838,0.032430939624980025,0.0026546389204040208,0.02130676184403745,0.018973399021993808,0.09273032551304565,0.012810970199425899,0.030957175658332732,0.06737788465617943,0.03364381704428663,0.005391265038108323,0.041286363520085356,0.04304869569893837,0.05537624662743334,0.007471959168369177,1
0.16348001713912955,0.04971985633302988,0.03999015284951718,0.005683656161991869,0.16734790868413793,0.052597262357385585,0.02161276429844117,0.0053092777884293,0.19237876842833537,0.040846590605888085,0.006832817164831492,0.0025873178855947265,0.1889359275476966,0.026366365578387934,0.005570997673106314,0.0008450291587102401,0.03700165772456568,0.04504950260890302,0.03219122474656054,0.005957145662996322,0.09611137032769744,0.18247782674094556,0.013829468471784005,0.014379191062122322,0.07655399260163648,0.04666217181025835,0.01764909412307813,0.030924468762165615,0.015303923594006731,0.010911121008924477,0.0104887959603814,0.024139836063860668,0.17859776967303806,0.20516550017100788,0.19781864738369462,0.13727667616659878,0.00811154950764866,0.02029283591159016,0.04188639908360434,0.021556351719513325,0.036413504854326734,0.07726308359926909,0.14895698906199686,0.12309302453537692,0.018353596962832484,0.05284647615359898,0.11271587237807411,0.12858123372537186,0.008538072203646902,0.018384072270776364,0.015429547818375381,0.04779498036278715,0.005554708780399794,0.05232934295381568,0.13217977400008651,0.019819968575884247,0.07892485421809782,0.1555036024895827,0.1125803453386178,0.05021733601790143,0.036579300212959874,0.17075192950941118,0.08551609543061765,0.0528786776018691,0.0012692417227551111,0.00670918357939082,0.014877204987571401,0.17509434313835226,0.028751258438445188,0.027496074300253446,0.043732150492197204,0.09542806626690992,0.07870449025447344,0.021456656031579226,0.02593527058834198,0.07113182595577183,0.03345393312209902,0.01585680114532387,0.01906001588172476,0.07092406700822178,0.07588968457772671,0.16894050439534108,0.03688452825870798,0.08308765840771536,0.17406089390636345,0.09332534280225889,0.056187834616303355,0.12575229938184723,0.023436885369121592,0.0246719504663019,0.05510677311904425,0.07606029883366747,0.008338764579068042,0.018433661053014208,0.036494289594732186,0.05812185184691161,0.06475582348474504,0.08077468548219535,0.09871435363455354,0.042703684232900184,0.05726861933452912,0.06841523721483882,0.1536843704812461,0.08656541215274417,0.028614682978972645,0.20516550017100788,0.20516550017100788,0.15347338829291174,0.14458203494487123,0.1975174834437383,0.19339064635672534,0.14796173032233964,0.03415025614767131,0.01366519277235376,0.03149961145597901,0.006777645256748045,0.019295070591794743,0.015689659325711654,0.05436487376643457,0.012819836402490205,0.025802704326386428,0.06745644555705078,0.025950014201684454,0.0059328284416596926,0.049797315656233375,0.02760329645954692,0.02771604194893754,0.006139784901073981,1
0.17235237922798283,0.02968378576139323,0.020337713551268476,0.0029470235800725794,0.19287619113519727,0.04343133774815993,0.005859437937865589,0.005513833124392148,0.1362602338520078,0.026214289148893698,0.0048126769614022374,0.0041455569018964055,0.12126799811904884,0.020565374932116694,0.015420437879222279,0.0002769665141029286,0.035614672540592814,0.028479235447968806,0.03261348353675063,0.004001122066411447,0.07242450911896238,0.07991587831924023,0.008228114614629935,0.02232019686140956,0.1020857269163619,0.03035459500351553,0.010035637634623774,0.01345125653837009,0.07526944301979241,0.036888879720905834,0.02984462376155838,0.013085179477038664,0.18232206475121254,0.20673383804844173,0.20372361322940782,0.14477749366826984,0.001083931292876715,0.050805898452652286,0.15879850754781527,0.06503506863429213,0.014532774457239913,0.05123356883743591,0.059118690449818184,0.0480214270825195,0.03352055087614547,0.16037238468000004,0.20673383804844173,0.2059570016395553,0.011025632274525006,0.016173295866605427,0.013465216710803305,0.0480000836543427,3.3196210253026224e-05,0.0633118934738319,0.10535985537438175,0.06704447000402432,0.01194682094155576,0.029274386256631417,0.07242645060166389,0.06151141029614042,0.03889425535352946,0.08075384965386728,0.0667695674369988,0.061506822933624535,0.010363522171207134,0.012833479327909542,0.0069387081724873075,0.11772139622528847,0.014542621355746655,0.038188971887060795,0.027821087327201423,0.0785628649370235,0.013761133455269695,0.0024432615720567387,0.019779061805847816,0.10264921918616632,0.05095070997947574,0.009284332802174977,0.002736395837702623,0.055125964637032086,0.08566754386118848,0.150054835282828,0.052202486339325005,0.1677032744812991,0.20673383804844173,0.1043676845968785,0.053093708620161946,0.10543956128058701,0.09073997044353511,0.029859913108082524,0.03691123092801147,0.045663394964822794,0.04561668159940196,0.022663886578437983,0.030302546263389817,0.05927832027182991,0.02261222792256227,0.07039638671662998,0.18014085389740164,0.10288250349226694,0.03217065143690191,0.05349128749771179,0.15104491355285604,0.07062803767629328,0.05193622527758209,0.20673383804844173,0.20673383804844173,0.12238629104245817,0.11743150918602105,0.20673383804844173,0.20673383804844173,0.18499834560484243,0.018931143105253737,0.014773606738770892,0.03591632931663114,0.007116540354212567,0.033733766672667,0.022363168129342092,0.04954758351732788,0.009836622395413193,0.04043995703360587,0.059423660537224435,0.025098731781612295,0.005739947699108722,0.03782002435775695,0.02956784403993978,0.038821249537736,0.010324730218600848,1
0.16617687927142114,0.040734291957811856,0.04428030800208747,0.0018490206968197033,0.15331281180634812,0.062438956174843255,0.009819921889563966,0.0015940154683045265,0.15837283639979235,0.10624739634350452,0.026132785530259786,0.0008752308696559799,0.1496998566345089,0.023684405812726756,0.006390571538783592,0.0016304583613276447,0.03514505689854527,0.04060078710166005,0.02695904536525077,0.006257089903562402,0.03361128090574452,0.13512546016544863,0.0134428769509949,0.03558341550184931,0.021613204597438058,0.08073484406792035,0.06271427488380199,0.028722442032481556,0.009931818605322182,0.01392811541900685,0.007984819117786358,0.004253861896652755,0.18623174477697968,0.20403124396665148,0.20403124396665148,0.14119587162001215,0.008108283220920982,0.043274764503969006,0.09683326001749229,0.052358952596079984,0.07495723591454832,0.126299479479795,0.20403124396665148,0.16931993816058427,0.008249834475905932,0.03276416661731202,0.021725045622388885,0.025367993213693072,0.010638002349519919,0.022978410583183655,0.022089585811358628,0.05122826151745039,0.031789168185971446,0.05444754676325413,0.14951894988071693,0.04323545526177797,0.14414176431846085,0.1743266234290361,0.09956667968072566,0.10893580464856187,0.0053286879497209194,0.05368003501074228,0.027351152104962893,0.030329725979452278,0.003711037590040562,0.006322449206210595,0.011283124009173239,0.14953546223456698,0.01732160669442138,0.008615302644409401,0.016892702001033634,0.09270564916230084,0.015530651615940125,0.00712069176395545,0.011031783300576782,0.11277081902431738,0.001062689513956521,0.015250880688908746,0.01873406384467875,0.10669527479735252,0.12682697228800593,0.1699455043944937,0.029620468892514636,0.10731245508633802,0.1930870624526069,0.07408314861755248,0.03131302594282925,0.10396985064917856,0.01366184051334172,0.004814684098380883,0.034089251472759256,0.09244049748732219,0.0035772383207733215,0.01793877764004891,0.04758841820837171,0.08095358817365342,0.07106303694814732,0.12780784041488016,0.13460309475268967,0.05977666545751429,0.051144773518114243,0.12849021104324845,0.17185379969614664,0.09647473592970057,0.01973060271498262,0.12529217596877348,0.1518418749761887,0.08057090241803365,0.12339328892393285,0.1765867330758804,0.20403124396665148,0.17947444279189803,0.02087891665487253,0.03367007833938173,0.07302885146980752,0.009340287747425069,0.03376760192238369,0.054289672668695395,0.0615892790115559,0.011069992762020534,0.026758093368640726,0.09018603767947664,0.05835279203814917,0.0038695374112452594,0.07084833079725852,0.027306606801299888,0.033627738794649656,0.008928808494323377,1
0.16776242632175678,0.038955385312977854,0.029451597126122143,0.0007118751122289353,0.1828456900339349,0.09264448689429397,0.008509033915904272,0.002286278504654563,0.1744329681095164,0.10412072096549874,0.02826692412869031,0.0028657140971518266,0.10625369003382691,0.006700563992414619,0.0026523242680010516,2.9635580285737115e-05,0.034067917300934905,0.03956253980397235,0.042087268996195915,0.007258052749498074,0.019548746452784937,0.07086306425316459,0.05155453028171439,0.02199750749546007,0.02609419893882975,0.07704605511466557,0.08312259193023967,0.02236974512344231,0.00291653099227498,0.005186468673780822,0.0037253817840860147,0.005405148676931153,0.17713676619114285,0.18400498296689055,0.20252687129652103,0.1423147237878877,0.009623083909946782,0.05805427193193875,0.17252685081534394,0.13427328453939305,0.033151873553123136,0.10547929923830568,0.17792859096610775,0.1484374347139107,0.003048524095328988,0.016407463395209702,0.02649841411028097,0.045322638455855734,0.008569333080552915,0.02879206923409887,0.031238532344725452,0.06170143213510243,0.042872187972435534,0.04203686796913294,0.09829776057897102,0.09043316650770425,0.11457568761874794,0.17701353713916498,0.06637529691976359,0.128192707224051,0.006338886076218889,0.055269025827202015,0.04934461644673147,0.03204149206168397,0.004864850824765511,0.010625563305501946,0.010517050394202572,0.1165164997342987,0.053436592283161756,0.014518911503836482,0.014896521079405154,0.09852407396914535,0.034951910470803774,0.01470739793928585,0.01578393078177976,0.12833982046799522,0.0007027601313361838,0.013609531371967748,0.014446809745453322,0.10453733950471894,0.11312761609412277,0.16164158402680917,0.05300291175924212,0.1139789708218541,0.14532518782997547,0.07367911684255497,0.03537006326955441,0.05879318908870161,0.0058770656344543796,0.009056705831997535,0.041558983086976795,0.15816519482171154,0.0012468741169818496,0.01210697693951887,0.022127927687543895,0.06522669112723402,0.039583679972726306,0.05092748439653024,0.1575397492652817,0.0787687075804426,0.04672672601208292,0.12825129814411132,0.11668767559018317,0.06027541283151647,0.009683702225902258,0.07679206946084342,0.20256633096627907,0.1524209710494817,0.09033240168673316,0.17842012628529483,0.20256633096627907,0.172680584205831,0.01712789738195447,0.0151758336080733,0.039183273470054375,0.013887526689513548,0.021695884737649995,0.041899190766776666,0.021078173156832598,0.009180443123867248,0.025675856023930455,0.10489438847825602,0.12348740240365207,0.012085732450621514,0.20256633096627907,0.0291495266427031,0.029339118843986076,0.0069970537693064055,1
0.21626768328238224,0.010381450391592509,0.02368610481399211,0.010968174048323731,0.22337946546434942,0.0467446625264657,0.0316958651933102,0.004790145996936532,0.21184595277347743,0.02849068576733264,0.005947260669677298,0.008634703510943333,0.13820724180448735,0.015608438571069808,0.0008186876343403344,0.0015857227750957978,0.054024339816249115,0.026228231602784372,0.026988225634580847,0.008608149695717172,0.018418326297873943,0.03813260487597932,0.01586451516983004,0.0018263243863959862,0.03630937241425675,0.042250375381209765,0.012046901060398798,0.027851589634531628,0.03883664612024185,0.04079224303187839,0.01589262294131545,0.009348896291311968,0.22337946546434942,0.22337946546434942,0.22337946546434942,0.17448714108903135,0.000532142753105016,0.013328163093139462,0.017705880552071052,0.00027630855516080563,0.000813882148972258,0.02077361667813555,0.0789412364218498,0.053187170785609535,0.03455935394217359,0.09074047840465989,0.1506852011836396,0.07661740114618987,0.0194808432882613,0.016093341737250876,0.020058104282757026,0.06972661377289308,0.00218713953631675,0.025127633559170554,0.02478879426336826,0.013819061429665139,0.0007945203530532179,0.038200089618245524,0.10517566648651383,0.0516391102768072,0.03845859383404428,0.030848530436006782,0.058242239067391365,0.059345641782226004,0.0032519166126692856,0.004197658093042651,0.0233297008544721,0.22337946546434942,0.0076180929914109585,0.046013583208064576,0.042946332114468445,0.20745174782759587,0.022476234119065734,0.05585309910112786,0.11845317648150246,0.10591969518789612,0.06746525055634034,0.011922095585478236,0.02269245181647736,0.08535982849093864,0.021258042894033203,0.04615791626568385,0.012600392912966942,0.03413909226092558,0.13728413730849892,0.08831883807735014,0.08656297108567211,0.22337946546434942,0.06874371965014171,0.06869478262368892,0.06301753311351403,0.09608537873653501,0.07923103827983319,0.02840992222584628,0.037989459682978934,0.06581656939350032,0.009777725397105396,0.04488402241779465,0.023876772800544066,0.0007799079515328536,0.05922643970027427,0.09821383089994205,0.18826559762304879,0.10487528737114088,0.06307590263370282,0.09659438119061009,0.10788407369391506,0.09217274853877867,0.13281731037552594,0.22337946546434942,0.22337946546434942,0.20441532669389176,0.008093017965043326,0.005890836113128659,0.01739242924948479,0.005946179067452726,0.023863553353390923,0.035814227232447024,0.12462256609286794,0.008085971894470297,0.05133711416632329,0.04193858740317586,0.05675950950257042,0.00831670768265445,0.0909524617236122,0.09256865386971821,0.020672879707870198,0.006676007663880602,1
0.1780515466113439,0.02347269587985234,0.04882710883162566,0.0017984085249177029,0.19325983798132032,0.04160463631595395,0.017475203153100787,0.0037477546955796085,0.173912564582965,0.06015701004653921,0.03561438392287954,0.00029385345573269904,0.13692920778998485,0.04804742083178071,0.02164215074908166,0.0001502620231023453,0.03515614966284624,0.01893554175301342,0.04562768450235624,0.005260848181556163,0.022818669150329898,0.08684633819074619,0.014997292128412089,0.016318804943631655,0.01808658156131048,0.05444824694672501,0.058421405342509974,0.02332673224425469,0.014733869359083615,0.023815878707563177,0.03278666941746542,0.0073971936682444995,0.1783742917871837,0.2028905249497402,0.2008944923626135,0.13204477642731818,0.0013511958297047727,0.012425916598934812,0.04522864677419125,0.04564314989000194,0.011596587960341024,0.07337993397341769,0.20796683768229182,0.19864675016119504,0.007174090212761676,0.050440893904219686,0.1056573527111084,0.10102169365358714,0.018794736252860152,0.017609064877003554,0.01727082742920244,0.07447029970393369,0.0009171147605385433,0.04348641347434481,0.1625737422528781,0.043121072239006686,0.020104146129170667,0.11953166457384388,0.10694755332732181,0.10278975181028331,0.02049531865047174,0.11271691258497218,0.047370280975802655,0.06702526461315834,0.012042567703331024,0.014889322715401524,0.015010177355746139,0.16147588692011652,0.026753347800700315,0.02498210878220773,0.037054247838333755,0.08790592038717217,0.08018156194867908,0.03703081215816127,0.013306315620111381,0.08221270824013846,0.04518321267578766,0.030487670983631022,0.01647567884748203,0.07149949576989668,0.05468563863333817,0.12492117049539843,0.058844104160299913,0.1221981199684595,0.14983316457716536,0.10752200474259889,0.06031315658241615,0.11090413109704407,0.05994607867647992,0.0562767387869822,0.040776806371911146,0.08100401632818362,0.029274262701265652,0.018697880853589234,0.041696455730526674,0.15086328567503296,0.01682668818355978,0.0398783395581823,0.14468582703832486,0.08771945667244593,0.03360105546688108,0.04536229940166262,0.14908917944446856,0.09185835518288442,0.012336262158751393,0.20796683768229182,0.20796683768229182,0.11957227355424394,0.11653121441346308,0.16078608978993986,0.20796683768229182,0.20796683768229182,0.010188974236424684,0.009124855998501392,0.03916672487320971,0.008107461284124304,0.0161782412940188,0.028496074853554446,0.03831308045685859,0.010731186962329367,0.016075862680696985,0.07442544709720586,0.06119363902007042,0.005655331294880018,0.03588060304526764,0.04812038442428645,0.10295119674776176,0.009676654519009165,1
0.14506323396483298,0.03269481387551582,0.00977322103161254,0.005021737674945774,0.18344328821210726,0.048640449575378795,0.0035035345605135193,0.0052369958639881245,0.16326046636479502,0.0927281946676821,0.014882866792274664,0.003848496845758592,0.1268112897657386,0.03139697200727409,0.004283629558130109,0.0007263008552614268,0.04106964665981456,0.05852322417386859,0.02343162974853054,0.01675899908354397,0.07541174978714035,0.09148869742665118,0.02344336573087472,0.026900976260527804,0.02727073235317514,0.19280899504051988,0.1382209663243825,0.03692541334666219,0.00969854440497931,0.021067944300800574,0.01016491998436809,0.011816058899374707,0.1386144165961212,0.13630554616102777,0.17583927591159199,0.12996061062819586,0.0016223375523326394,0.04149878906625099,0.14140091518742798,0.12227657824992674,0.028289164174286632,0.12841752741201964,0.20734017004820335,0.20734017004820335,0.008420292917499576,0.028107777104174864,0.01718511767644983,0.02743643893654922,0.009684492319014547,0.05562175048132018,0.04737117362093446,0.04498991834511719,0.008989711624200192,0.05232710255795627,0.11176008477862678,0.051612884943150784,0.1422853425078954,0.11152841808688872,0.05642402223663839,0.16446293587557578,0.0295875751404247,0.08775375594798011,0.03715852598574021,0.027671258321813125,0.013318869634185963,0.025959064306194667,0.019269542287022573,0.06440116472970371,0.0814644404645325,0.013061077897964075,0.015349388535529581,0.06403100482751506,0.0691555007494795,0.009555022968406804,0.010314778275438249,0.09151654073433124,0.003498831725280729,0.00735196819523785,0.006630673151148193,0.08576504449709316,0.14962719481465564,0.13931410333980432,0.08535823769174228,0.10971238014442267,0.16183834116751225,0.07681725314055618,0.04008505379421873,0.0400084921794225,0.01861271602634397,0.05219787177911955,0.05130462737585152,0.09874232398996466,0.004507346854359581,0.01354329409139135,0.04921856482344323,0.07733738420409975,0.020994385249692576,0.04314164368610546,0.17698994803012838,0.10369956401189208,0.03247157203258973,0.14586746422333147,0.14697304187067778,0.06901260451327959,0.036744601575825805,0.16142748115077918,0.20032428012243111,0.15356633395489036,0.0944488006437283,0.17876528160342295,0.20734017004820335,0.18019642145185394,0.01001920672066727,0.026995468768546672,0.07548789643966214,0.04444165541216548,0.0216063563661358,0.01317533148372439,0.011463952211384625,0.01746036211281623,0.024832927618059213,0.0369654415359194,0.04056602483740876,0.01601822148341651,0.08795415031431925,0.03574253363033031,0.03446911572847649,0.012581329389923896,1
0.16786286800062955,0.023534138169412893,0.02151422404937257,0.0017690525483697011,0.15468739547216,0.031846989754512986,0.02016702280336285,0.005360303989219553,0.14037529991653186,0.040050619057999115,0.0027293769923869716,0.001205736815085477,0.13320625580111795,0.02897416332435595,0.005561263457984861,0.0023364598414229226,0.039849963977501374,0.032017945590121964,0.030621210761719378,0.005426521972464574,0.07154759437094328,0.05139288284660043,0.019021946013796847,0.014073462465218007,0.057766605386685585,0.05369374688621925,0.01158478214736114,0.00782537586445788,0.019895911689116766,0.0286896629471407,0.016533518635313212,0.014284911301442434,0.18393086175919524,0.20589744430383847,0.2067501542240738,0.13573066852061005,0.0031518658640486276,0.029287211601433747,0.07803791282369445,0.06598002660563393,0.031237482780658875,0.08428524950257583,0.16709354714790126,0.13090209453833515,0.08153837671742978,0.20874121087141365,0.2120551724959347,0.2120551724959347,0.00808028281976685,0.02099054067470714,0.019443296081458335,0.04474440428276524,0.00036845789955170275,0.055272200948347325,0.06676593944230994,0.04064177668056914,0.0740524062403232,0.03953268995325874,0.09718729473348404,0.05934094591621985,0.10893112186288474,0.10165548111913578,0.08397235326877273,0.06635153732006704,0.006331160118809882,0.00806670009899201,0.014830042632119482,0.13618249896875964,0.006157501915876778,0.03494632846448442,0.030816802911199006,0.09190718124736295,0.04953578039338622,0.006152993690003041,0.012597323408885667,0.09985385306883357,0.019877360173164035,0.005373413308080885,0.005259138885877718,0.059896998831173984,0.10411437944933145,0.1123189194320322,0.06400881212099808,0.08185539839684744,0.1609102395132122,0.07552753256645013,0.07316181869988538,0.08796802104873065,0.0456864405090406,0.028541680451860812,0.03659424708432243,0.0321719875729574,0.011052828330870176,0.03623937857318786,0.04631739813131175,0.09022063014791859,0.050507527727989866,0.10286127987290078,0.14976367066353008,0.0922790988360465,0.048608065012511005,0.05798822051883712,0.10784798631250962,0.09633776733359173,0.0679057399894382,0.16726030617242987,0.1634211509174222,0.07523246033605795,0.1557675342192428,0.2120551724959347,0.2120551724959347,0.2120551724959347,0.013816369298210784,0.012376527854567262,0.048590208484077115,0.01476341428575962,0.03900039935938482,0.019150496353346303,0.046948048684363794,0.01771998604388455,0.055434345884407835,0.09093585257840284,0.03247348104421705,0.010303801532059518,0.03764074567198543,0.09481403703986468,0.09913258642032065,0.027180019591628374,1
0.15661344905598654,0.04555302746175786,0.04520998906193217,0.0037356428891477983,0.13823863936658773,0.024469419121075715,0.008592974044142221,0.0002711730656861232,0.16032060079448324,0.014082347031018004,0.0010550738641875214,0.0005313193491250652,0.1144663437850258,0.0033091397837607733,0.0007136119869962812,0.00019723698488831394,0.04153755300947909,0.0487096725123727,0.04639568530868127,0.0065561201922276855,0.12018757219665134,0.06072016179985646,0.006107968164392568,0.00921940810693694,0.0645835475562652,0.02988234416913592,0.01174914463141749,0.03425928072438424,0.017057362411036992,0.03865871719632556,0.019392638113907106,0.009302282014842452,0.17809195216040916,0.1916189728491379,0.19007178178340953,0.1341553355324415,0.022400985885611485,0.04494025652659212,0.0386858826370155,0.024919940900700942,0.011358259618024972,0.04337284424065572,0.08352629058427136,0.08164829636465597,0.10233396847475118,0.22630125585650765,0.22630125585650765,0.22630125585650765,0.010158808663425074,0.013697411688378198,0.015007925785035897,0.05103494100725849,0.003190543744403456,0.0807713761141565,0.04474429556708701,0.016985439536003576,0.010268661740192496,0.08705052853600907,0.14983896630053206,0.04053545589143447,0.0807356121233372,0.08227662745566888,0.04804534300526855,0.061460338398669496,0.005044124579695229,0.0038101433693680164,0.02725746235346213,0.1811699208967366,0.01312385611552977,0.08176970201347174,0.012319740621452448,0.0742034229932474,0.006852213638683176,0.022375328647899668,0.02128168394211438,0.07119168993396338,0.01099050879488923,0.004885272976316662,0.002231733581032734,0.03297068879723123,0.14066282920687495,0.10058720796815862,0.01838820265173099,0.050085053066409535,0.14785217606918752,0.06427927354822935,0.031106719441607537,0.11887310881307346,0.03628443288766739,0.03678162946490812,0.020873494554864924,0.03108307988253549,0.028607845275837193,0.03960990632370266,0.024553931947421483,0.05983105634108825,0.030785986828351954,0.0713181359907051,0.08798148405185087,0.042418110800159,0.020265520960685963,0.10181601140492226,0.22630125585650765,0.17469344724361108,0.06553676511443868,0.17517730874036871,0.1404588016636801,0.07594255923768715,0.18888354479523572,0.22630125585650765,0.22630125585650765,0.22630125585650765,0.011266713847205324,0.025218172235819857,0.028129619303233096,0.004939403071053178,0.025759507853893582,0.03753629780674891,0.0741379754761678,0.011010053035831935,0.029732229986944504,0.018129832732073796,0.015153735039604675,0.00672963360373397,0.03474738856716888,0.025394326758325023,0.026528893309462596,0.014681602270196738,1
0.1509970299794897,0.057064023545309144,0.06371840397290436,0.004671642738796788,0.16706399921414214,0.05742891852334712,0.007531363001849087,0.003066208222443741,0.16265721920475218,0.07032943032325929,0.027899380397182164,0.001640617490954042,0.08832683229997133,0.0151928420551878,0.008249546913955718,0.0012427316780585953,0.03248924879538291,0.09972125597785393,0.0681348696244431,0.004364547823460513,0.03982445911771302,0.15666381625769124,0.015545565612953458,0.03593211174972392,0.04124862233235275,0.06221077527803102,0.07386065084648157,0.039041649769170295,0.01424121304058751,0.008544011903459795,0.007524065710746858,0.007165708837443358,0.1596514810273718,0.15397555220669198,0.17940866697327157,0.12485972710295588,0.0016631584824006965,0.022873292509844823,0.06925398209259889,0.05068095508518546,0.06141955768150153,0.15883165458725457,0.20514342795961105,0.1874105018833843,0.006862660572507995,0.030749388212125778,0.08016460614289168,0.07964308881917571,0.007410724668675013,0.026526807266483498,0.02015578316139931,0.0741451720391523,0.007003882200155983,0.04415467561010268,0.1515665650064967,0.04328930233835565,0.07084465642608914,0.11022281299574267,0.09848880048747,0.11137674879329662,0.007111659373978426,0.05145083965091228,0.03940514325018601,0.030433853304867302,0.00874922981065725,0.011256713568958883,0.012457389285745888,0.15749028681919425,0.054601443768483936,0.01704244270644546,0.019030443657913492,0.07806979859739167,0.0716477293156985,0.008971967585981521,0.007442544991948255,0.10835809303798151,0.004807779017929318,0.01744770771196408,0.015842444254208155,0.09284134858168855,0.13676787848368738,0.1915518239142153,0.022753113311638772,0.08405113541499401,0.15844082474775736,0.0648565826205452,0.04492642234860586,0.10821611773883673,0.020382445964758418,0.022661123238867716,0.03651984936393236,0.10628080907962412,0.0025285517224586987,0.020531596940338667,0.039073019556420195,0.11672380923980513,0.049441368090346556,0.06815027675020219,0.12422837121517766,0.06994240461515981,0.020181514392517662,0.11148119739096822,0.20514342795961105,0.1343667564874661,0.028782951285645047,0.1626255788836279,0.15478773451791414,0.08677136923112448,0.0770131006448376,0.17822629250192798,0.20514342795961105,0.20514342795961105,0.012814268685312307,0.01376305064293902,0.030737141544202297,0.003596936084651678,0.021089922056006193,0.02710598669085191,0.03644075098178082,0.009895314675716334,0.02377959469473524,0.060094354963613546,0.07141737355306589,0.007605931520100072,0.20514342795961105,0.04801240462935774,0.06517581317117009,0.009623813184298547,1
0.14019837364272908,0.031458378012355286,0.02419652261542353,0.004138775236040348,0.18181445666594026,0.03405532168221226,0.002197385106213297,0.0007506896248210832,0.16647435374931407,0.08065020243781357,0.020683505901915523,0.004204653834041198,0.12437583824065399,0.03702802423360983,0.01567524959027978,0.0017581414597593048,0.04082499349590722,0.06478307186264452,0.07529950838717704,0.005817681953677146,0.07895235406707238,0.0599500429827079,0.008259687606479717,0.03694295981593062,0.03277696416329436,0.0937338522612243,0.16203737579702493,0.07575390178253194,0.013450866845438392,0.024800114868057516,0.03402570872075584,0.011378885952363102,0.1373729252370384,0.16758399105237876,0.17758454040754992,0.13100704263453064,0.0022920716353845684,0.04482765203513936,0.09361163220179065,0.047196154997302425,0.026994067770354808,0.11287980086617429,0.21636759685053225,0.21636759685053225,0.013651625295680252,0.07085793448067819,0.09255215064044613,0.08231406318749791,0.010952398680428698,0.017241760043275788,0.012270242475373795,0.04385911718655767,0.008440332973076418,0.07468916374020536,0.10075377912747698,0.032142398410479917,0.1047083656391086,0.12406432494194014,0.07407552754025414,0.17521236492494482,0.03139052148670016,0.10617471305955994,0.02118908355511688,0.03943497296626739,0.0148482341712043,0.008640250041054821,0.011414323423320617,0.1334508634403533,0.05085667059143064,0.024169528651928195,0.013784298898805747,0.06190230032753288,0.054024104572980444,0.020578535031949063,0.008514189788065207,0.08912413644527535,0.0054298395846081255,0.011341308339022697,0.006297066286560788,0.08797975465545031,0.1036353723957178,0.07265536636534911,0.04803062091404456,0.09042486410892057,0.14385155132751953,0.046932231222974734,0.04647530330103585,0.09393844833482323,0.02542874476807282,0.07595452796505654,0.027195427237652735,0.07356152832191269,0.004289009071009516,0.01598508173904315,0.04011960984434538,0.11883593537576251,0.03170420673133326,0.08589776978611759,0.139369727586972,0.0846135014245043,0.02121175062463298,0.12937345542996767,0.21636759685053225,0.13310860820959172,0.03148265761371404,0.18305034853954863,0.19433737449400948,0.12731714780856246,0.11592915802185771,0.1603564536246806,0.21636759685053225,0.21636759685053225,0.011752324610096577,0.019358023669136838,0.025925345543964588,0.006421781053864004,0.025742560936881907,0.025388730773933024,0.03789109134669795,0.008998604296815973,0.030859400950801173,0.059184787787245605,0.055831706899282664,0.012494850211535163,0.05669161686249977,0.053691326334293854,0.06186501123843354,0.015651424708501466,1
0.17079355392700737,0.04241851832225299,0.07074501544316456,0.007229143899173241,0.17528126624291487,0.0716036778794728,0.026670388847948864,0.0011473557272797964,0.15643915920956886,0.055656712315919926,0.03827678385605843,0.0014337229088276957,0.129729062339813,0.011644897301767486,0.017212321287362605,0.001310936645951307,0.03364418781890752,0.04847141415217781,0.06418381555770651,0.008996174609353728,0.006131434306821536,0.07172129008198573,0.021508322871841092,0.009601805642182716,0.009996971323340887,0.023011204108164,0.05238695709687564,0.038869763499986706,0.02028942320177832,0.05185225421117996,0.02641094990102411,0.008497077741704297,0.1834453398848391,0.20360712340260276,0.20360712340260276,0.15642667011174693,0.0007002904651471746,0.017297838209040867,0.07102393447845864,0.03768120466952103,0.00973621180658146,0.08638618736334734,0.1845243132227283,0.20360712340260276,0.02115736197543362,0.13261960862306885,0.12352120007945148,0.06681554593219521,0.010425596309232505,0.014065414220365972,0.01254741046857984,0.055164770997519263,0.001296435640334609,0.03676470525072063,0.09036270863697035,0.02853929434371323,0.038050063560504103,0.07276277378977285,0.06782123947204458,0.06953948030234812,0.039709435925249524,0.10242426413010522,0.0827573935755579,0.05792688126274432,0.003964855103582351,0.012536154111561915,0.004518137762914767,0.19998059820976957,0.02865192637799776,0.04030734341904865,0.008978165860320665,0.09906622525565391,0.07527506694044123,0.04045705547187862,0.0036661969765531197,0.09260813971334333,0.03383047893349151,0.016562446485534912,0.005093677529693416,0.08909902973318685,0.061584706882398,0.20125586835131618,0.03998882114621745,0.05992081671164527,0.12593914432749564,0.11410384941277046,0.033458742496665646,0.11175892943409649,0.05397012292573987,0.06601353550497535,0.03464617031414257,0.07947101496648162,0.018244155032624044,0.015106742042900637,0.023792373014856916,0.08037815289272288,0.0566578461337391,0.10288918451848704,0.11463087415646683,0.0501871813881331,0.03296178056147287,0.04761584708135028,0.20360712340260276,0.16557527141749426,0.011760197418847946,0.16565569148549586,0.20360712340260276,0.14539029934017136,0.1271339671482507,0.17039976822012012,0.20360712340260276,0.19058952200139467,0.016436313254517998,0.012080817679150258,0.04206391117922656,0.009474261124437,0.01663064767422714,0.022574337871899462,0.06291921986662213,0.025963763937132754,0.008406768699629676,0.0930679175719448,0.07907928993832891,0.014222447702620176,0.03183725709499344,0.019668209324316382,0.07960403493466309,0.020558187625192653,1
0.15583217622682302,0.051917377495110564,0.035518461566934986,0.0034464884249916735,0.17834954003887138,0.0675542858518114,0.006199584661724373,0.009542016152136339,0.10887245222522436,0.05287085542079364,0.007631918260544857,0.004288705739816847,0.12332732012765536,0.051715613052401646,0.025165990849927333,0.005842534331813216,0.03907764478174151,0.06003410625790692,0.035563060074885675,0.0064854303743326295,0.07112758062792274,0.0780286655898902,0.003923295781249592,0.016868988851893203,0.16593594001479953,0.0545562425038587,0.05554563022245349,0.037108596432310174,0.028099808783390166,0.03416565733685156,0.06674559431642749,0.03365976893468545,0.1815825288945731,0.20449722113366803,0.19143536102860834,0.1192936942848584,0.0061209038920124826,0.035981845432139906,0.04483475681469706,0.03193692831653217,0.03546619534546182,0.07836454416629601,0.16644992495394717,0.16140475445433933,0.05043283346839806,0.14824755527812003,0.16105804928083337,0.09862567839977229,0.011313027459317096,0.015402205461054499,0.028533940672671954,0.08566200784050114,0.0007875389627405746,0.0680913034878674,0.09962729128459887,0.025466456419126798,0.060848950614794034,0.06289050172315061,0.12855692115672868,0.09408200756824124,0.08677611973240196,0.1307876767545812,0.04959062504996051,0.084015266262451,0.008531090969182748,0.011703557136253925,0.01665706937298375,0.14503215523929314,0.03093402554077944,0.05810401990524828,0.025937127552539137,0.07267283947096743,0.019630285200612007,0.00900133579674593,0.014861018244346307,0.0699527702537464,0.012113140108915491,0.009360397694671575,0.00870776803521758,0.09573651015756399,0.13011552281897898,0.13195813593019634,0.024061793365913273,0.0747121103738101,0.17752994201245284,0.05204840909663091,0.04280781229503688,0.14303530172929582,0.06264236116156287,0.03516686466537267,0.030209951566640175,0.051397178730969606,0.013790989117550353,0.017128400088082217,0.03055656628875024,0.11576220467307437,0.051465839056256256,0.10275040225339337,0.10589517855479731,0.048961410928499594,0.034761904711276985,0.05189977024388324,0.17291202325516486,0.10649899124688667,0.11978827955415228,0.20525299088842042,0.20525299088842042,0.08048128045128738,0.13464860242677842,0.19442260171253647,0.20525299088842042,0.15879296511803462,0.019495269974360335,0.02549750034996949,0.03993466883614305,0.004129433080624542,0.03326759714933469,0.023646927159376156,0.06605900735994574,0.009759971663731956,0.028481086958545922,0.04744763463833172,0.03077140722743219,0.005152382362361467,0.051749027782909664,0.05855903814842587,0.11096234935870564,0.017640308767701708,1
0.16233901962963812,0.018482079136296833,0.01003559203616773,0.0011727798198522181,0.1713968084049858,0.04168353732941326,0.005565929696011382,0.002179231192297964,0.19635536926446284,0.06900295274256656,0.0145767610268657,0.010205237536942625,0.16548154548975216,0.008070381700429117,0.0010153207461487935,0.0003241829386758389,0.04078495699334639,0.07033358821323359,0.026039778045491846,0.011296365562974706,0.06130738024744667,0.12807889297895977,0.036455477345538105,0.03057079409016522,0.0193199451011887,0.06634417150654323,0.06631889001030179,0.04400016339727938,0.011942096131368367,0.009930379509698347,0.0025654527444950253,0.00580820834437297,0.17028153450279818,0.2011563194717668,0.2025724809001143,0.17314886208378596,0.021679965457880777,0.060105350128853194,0.14145255037535448,0.11272537488544178,0.03148870922967274,0.14545261395285977,0.18200355490791253,0.11694393218185047,0.0024867247724093687,0.028460055181424183,0.06714372885402439,0.06225395392001247,0.009571396379923052,0.032007709673134134,0.06492813387859458,0.057388644933075106,0.054378170038394624,0.036033015162838966,0.09237508625719641,0.0798344404696806,0.11347956912527862,0.16614668497422808,0.07389345591528368,0.095452937146478,0.0011532556307677698,0.05153799482954106,0.07239992000542753,0.03288395394090002,0.005729287157621307,0.0033113023158592688,0.00696443638879248,0.10121247969329457,0.021468389727786658,0.007223919040148126,0.021097357568279133,0.11072264939037156,0.021972054566278394,0.012893024041923065,0.016293507288009348,0.15237863680630306,0.00017593375783597057,0.00514925875393525,0.005624940366211441,0.12110968082144016,0.1257242063436873,0.10439405901722497,0.0296316910714752,0.12422040564198741,0.10274879985676859,0.06178812070535403,0.04262276553899664,0.06148754692519622,0.019860974188881483,0.020996925333240442,0.039593370012298915,0.10056373763334014,0.005317002757962745,0.008279778041947315,0.01635465066191965,0.044995200760348276,0.03542665510587894,0.06274073651085327,0.15950836891483477,0.10223324551890182,0.05388716702415667,0.2025724809001143,0.1935721281097585,0.10974126918863845,0.02500781987581745,0.11530476690783004,0.17762093906493667,0.11562706460600412,0.14413474325772152,0.20106469534704313,0.2025724809001143,0.15461104693528882,0.013874058813933719,0.011323968982283193,0.04949456195802227,0.0183333202375727,0.01838317022503692,0.019855493982916493,0.01565251694782953,0.009985576921822625,0.015032641322567672,0.06700034300319939,0.09355816354326768,0.0218972503184963,0.06303566965889304,0.016698340836789057,0.015450241458450118,0.006616820020232071,1
0.1857674574181367,0.0434446792882453,0.04890906696631319,0.0007102640773220448,0.20429846545261318,0.08291932909955622,0.01576176310505452,0.002499113203427596,0.18791354540519142,0.0661853237735978,0.05332279789348433,0.001147175403598119,0.1565990952985555,0.024638374050057456,0.020421798159302822,7.421507333142374e-05,0.03672731713437851,0.05696435604209656,0.07186567607663785,0.004995176655179514,0.023244588613760137,0.0894183693865951,0.014942494896398822,0.016259065526157645,0.022450490260973448,0.045454739514643586,0.07962937537887808,0.01611939816594935,0.013867116432581601,0.01736534049464554,0.013601246967488195,0.002537112530081305,0.1928529573845868,0.20610772275573933,0.2028306151439838,0.13689717238262844,0.0006513448422681617,0.009512075696783511,0.039923364722044136,0.05358739426359701,0.021801520763857173,0.11065606658190855,0.17078346405227365,0.17566477466429645,0.024365068195426724,0.09206941018582859,0.07734274795027202,0.05881215449317009,0.008709691496070085,0.01973220407135047,0.01886245360667481,0.08716569661296071,0.002275121842297995,0.040117814009082355,0.10884021736288572,0.02508186713244305,0.061176330053095834,0.12523648494645462,0.08959407866506092,0.09998952480090527,0.05457083927857248,0.06826285722255404,0.0307616931886072,0.035441755476876224,0.003983745920225785,0.014033726573332017,0.013565054009126049,0.15136622631128965,0.04774892881334064,0.027692314607119243,0.03504787264649238,0.09937915437413947,0.13240015242438588,0.01785385631478971,0.01561887923299061,0.10980632917438257,0.033258250981677645,0.012525010817945671,0.008357431197321618,0.09689367918037906,0.08379785948192064,0.20610772275573933,0.08037028975248466,0.08873057762964522,0.169146825535069,0.12034943998420304,0.08691459555872404,0.09693593732860387,0.029300653335367577,0.038834050616873166,0.04868060175258935,0.06330754755250946,0.009916141382558506,0.036963921577894666,0.05076451963837227,0.10074468988864904,0.04518933700149292,0.05732878238165856,0.11502250824857423,0.07609503668807385,0.03489883801441564,0.06351055384501074,0.15520813950177273,0.10788847621275349,0.02176669913459121,0.20610772275573933,0.1458385736135156,0.07079950626334691,0.14461127566377133,0.17536041296338792,0.20610772275573933,0.20610772275573933,0.01984949239302133,0.008606297951836568,0.024561472928904836,0.010147493159030928,0.020193835692288064,0.02019123088846645,0.03410931121792376,0.0222549477994376,0.01789315245917032,0.06372389536390839,0.043340975197742194,0.01661901274718253,0.03465814554717303,0.016934874613329633,0.045947792830981916,0.017530302758599417,1
0.19540285362975227,0.017600029240399856,0.04067637858178357,0.0018967615287691128,0.20756295395004343,0.02161459471113452,0.016910733715313733,0.002483493407818128,0.204259255858047,0.022742748434214498,0.009611372471966164,0.002269002185558614,0.18461125471218737,0.016297284639291382,0.01838462779162748,0.0016874149922664965,0.05087862528834928,0.01895439468368574,0.030676106824049382,0.004903197409144897,0.023891138445561576,0.052523946252188224,0.010405231439548896,0.019221909119557037,0.017161213047331335,0.01237231162302787,0.01416152557527419,0.021008819860465856,0.011446771159424649,0.012601619193355076,0.018981459157155486,0.01889069689536827,0.19869605915323627,0.20756295395004343,0.20756295395004343,0.15576856947467732,0.002610636373644071,0.015645496684919658,0.0350362601524422,0.03525521170233984,0.04214009468509632,0.06267113495919022,0.11918688919968669,0.08737872928721097,0.047103274385134744,0.13181956187075705,0.11726798698654703,0.09522588234381209,0.00823094146116622,0.016621971447133455,0.01868864122637471,0.06852221790384079,0.0016547974718143998,0.0624696694549288,0.06779341606713414,0.022066089255396652,0.0675659901998416,0.11126501338741751,0.08146155751293731,0.04129849523058068,0.05030396963573693,0.2008639264299455,0.0976478394710595,0.06989120496260394,0.005752417122093351,0.0058702468418007255,0.041556545073481374,0.20756295395004343,0.011169522637207416,0.04730237219292996,0.05626805368671124,0.13655304971503837,0.08829083608224318,0.03325085933525667,0.04929527573233588,0.1078630703805735,0.014593017352801458,0.005540548296428343,0.020957530944552574,0.08331249964914333,0.050053923173362415,0.05349087132107916,0.023405583117501606,0.05180326990690371,0.05838603619475771,0.05964501675047648,0.08572436124050574,0.17561428775305588,0.0473156260697289,0.03334238161800906,0.053609166372096805,0.07271202863508923,0.00686295031240815,0.017403437014215564,0.04317019049223552,0.06787085495493893,0.031681641820248706,0.06382243984052356,0.03669110175702543,0.02258700502016936,0.050527596718084586,0.06742638559203208,0.20756295395004343,0.12516818007132982,0.0498501141348326,0.16565942200955927,0.17274876764062447,0.1064361844648256,0.16954366164996967,0.20756295395004343,0.20756295395004343,0.15268223663753225,0.012026862290866119,0.010803470621031402,0.024640099645920698,0.000783684535032443,0.03373867126626666,0.031208616014701943,0.09338570913982626,0.012144591421843993,0.06802214001769749,0.17975700349582543,0.01495225924210301,0.007868795873125651,0.0529449610530822,0.060102002141448875,0.012767494433025984,0.011616435975917083,1
0.15295636167524296,0.06138428998514451,0.03192217374859129,0.0012501927624588272,0.16316215514691274,0.06370149592359917,0.00547349395596312,0.004610626414204635,0.16575549687967678,0.08912528610829444,0.021695205889800458,0.0023207422876970318,0.14871747946237818,0.010776117743830218,0.009557494604547254,0.0009305455944812757,0.03359559512340465,0.06362992801519253,0.038247745423550646,0.0032150211114542596,0.0551526045033431,0.1192126455277725,0.009448258164632354,0.010845091739013341,0.036502829092900785,0.08711040136805699,0.07369022990819298,0.0554116848644568,0.02160967943174571,0.008700595898327886,0.009634289432145693,0.031708177710964076,0.157770093282653,0.17593354691492805,0.18865302674485798,0.12882351815794624,0.002885984623465416,0.02499313048468221,0.06520604122557816,0.04424658098878352,0.07585200051596556,0.15837446989275172,0.20637058927706495,0.20637058927706495,0.028525990687365655,0.05370417836439236,0.057709299987105334,0.08159714723894443,0.009966480348581448,0.012020470584807924,0.010443605081312337,0.0501281502712913,0.013125963553285078,0.0342747629480185,0.09602734780709091,0.03074770328632256,0.1496374208926134,0.1341913882452432,0.11343566904425928,0.10798735668970316,0.04825581117474089,0.1201239621972329,0.09813405753766602,0.03424938978503236,0.015503149161424838,0.007557874294803455,0.006582601556278301,0.12907367690139326,0.057248632772853546,0.01149725807967151,0.018648162019419174,0.0808821064670851,0.06767248351171516,0.009732464197015591,0.015131633836042132,0.10827124664082508,0.007219492528514596,0.008024794268114376,0.017878996030181133,0.07641891254169886,0.1506092831690555,0.10369899519258202,0.04149016293382975,0.0877126953351449,0.16608249217140622,0.052398816829652105,0.05634960101947217,0.09914838392230463,0.017912432100699975,0.014449423472011268,0.04514749478418,0.11515067073729948,0.004026670443187862,0.013588713659353095,0.050137720983313816,0.09960325388579369,0.03459892920540592,0.08799764786142371,0.08938135844030295,0.048982139231967356,0.036339052763647316,0.14097257693476276,0.16996571869304222,0.10684222323775874,0.035462971499595555,0.1597565734920595,0.18010627425442124,0.1160845828003961,0.13930390467329665,0.18034691361262373,0.20637058927706495,0.20637058927706495,0.01328562927251975,0.019144747196990195,0.024911139895980816,0.0021935521516691235,0.02391314762000394,0.028357231045291382,0.035856991551060015,0.009850945395928883,0.015033257340158746,0.10940863794412597,0.09840854116142428,0.010058249485888082,0.05447941579094204,0.03209445856978528,0.052306295983113725,0.011344980020452575,1
0.17794280722924774,0.026618171487844126,0.009827057983948192,0.0022178700118971354,0.210466264151829,0.08699746193580582,0.0054156890631371106,0.009843776945602388,0.18474080169052684,0.09591628780326521,0.012786850961228478,0.002689686155663216,0.15336492763249782,0.014511711574552688,0.0037947659086847853,0.005182935378070061,0.03576403494371567,0.032047985472148016,0.02483035259615815,0.006703178179334322,0.011716977426422099,0.02036615049246335,0.013878069009284425,0.05086189089595614,0.03027295432022921,0.06074379615662129,0.07467494143916313,0.0395002853179088,0.026866275360346085,0.014678610816494152,0.012181996442271937,0.02244802770325186,0.1957872108857584,0.210466264151829,0.210466264151829,0.1604786201785355,0.004449881419437272,0.014444189830817968,0.042394365314973606,0.049878881236892006,0.06794940844933078,0.15999369438764466,0.210466264151829,0.1928084400529262,0.009095687211716642,0.03806102653289975,0.05575015699466496,0.03434413212593816,0.00973663657783709,0.018740606277046264,0.01941368011537069,0.0662918806902996,0.010547362629440001,0.05624111967324199,0.07283732209304304,0.018798664997985288,0.09989520339646635,0.1343424513618218,0.09408057004036803,0.08910970935008193,0.010519077689351333,0.05206194103731728,0.028100424968838036,0.021898051703473757,0.0014271086205297026,0.018418906870435306,0.016425308048000013,0.15737345975530279,0.04113238488445488,0.056893860633458505,0.03166051423864958,0.12055238967863892,0.08393985093171621,0.01273120419593508,0.013208403351236062,0.11046894002217164,0.008733918727559409,0.032333039692037005,0.011509611288903205,0.1139301331028262,0.07558591353070471,0.1090138688545574,0.06706557777103049,0.06404340537421375,0.17060103119546247,0.07469531199314677,0.05373601811390364,0.03949740925013205,0.022407430129425296,0.01877694237874148,0.044481983709980306,0.09473296630038443,0.008003769399908106,0.027068198183235682,0.042506655194094196,0.08412441720054477,0.07460077653272355,0.09514602867754908,0.210466264151829,0.12472323923058881,0.06206400391511101,0.10301374571000703,0.1268648567177954,0.09214730244117683,0.02107475801440393,0.13526882054375272,0.12912298294800387,0.0953601861926419,0.11217608180114058,0.1939583626088372,0.210466264151829,0.19028842960190617,0.01791560282037596,0.02547223741403733,0.028631171759449424,0.03793305902437193,0.03572313943813104,0.0524257290553075,0.023368215193027928,0.03882153170435154,0.029934291776839102,0.10033961639988873,0.05188871885700339,0.013549988449584995,0.09648134127382625,0.03166533714931142,0.046043246367114724,0.009082306147926484,1
0.14839496306305872,0.05307421520236688,0.024989856067820195,0.002828681737939432,0.18852297479720248,0.05689893342354853,0.0034240478013335923,0.000987180478227461,0.18037231358423123,0.07205120837274252,0.02980241286891557,0.0021788825264854347,0.13689440243350057,0.01684577912204007,0.017252539717681613,0.0009518293049632795,0.04366913372031263,0.07150429432246323,0.047893778568167435,0.012890749701381194,0.04539852933220874,0.04771534499737251,0.004215203471384288,0.01389305739315535,0.03185002416175069,0.08125513795832003,0.16087787448235066,0.07931414681364116,0.013888744774467006,0.014045489733426234,0.026125030887578646,0.009727821991552237,0.14782059084334748,0.16796880981163997,0.19403848780143948,0.1309847770613167,0.004312294520768055,0.02427603191785241,0.09521577187148217,0.056701342186637325,0.025942827357572685,0.08327850132673746,0.21201700533539242,0.21201700533539242,0.007561550811397574,0.040775007608120244,0.060977544305377364,0.032264144315220025,0.009786775076320206,0.03196702184301474,0.018026551549184883,0.056180972419663994,0.017410817248008054,0.0870089346711695,0.0969049939452165,0.045462687293356764,0.1257632543009964,0.14705330195348826,0.09937533771669346,0.17289395854341877,0.025075373129968315,0.08991595062177132,0.04918769438560817,0.027566879892655625,0.013217920045019291,0.008091935259838813,0.006213476944587598,0.1325168230870166,0.04296281060572703,0.020272856749894753,0.010564181710433248,0.0662796099019681,0.03479460970121209,0.029104334988984893,0.005142534529079446,0.0864861712091055,0.012223383315091096,0.008691229526222201,0.006082090089149129,0.09924891525295708,0.17160653425832753,0.11463969923597322,0.015442745008477915,0.07748815612139717,0.14183435244228582,0.0343653635337637,0.030115633936239495,0.09863452212303249,0.010600735490212499,0.04018625827984312,0.027869118226838685,0.08295271652915494,0.013495574548066372,0.010028432613397847,0.03423995010556458,0.10162244689315014,0.018815227819156937,0.0711403384402321,0.1250141165983714,0.07156048120543888,0.00782573528911291,0.09932117575847355,0.21201700533539242,0.12236756114560964,0.008230865127808434,0.15603891907278475,0.21201700533539242,0.13285202152423212,0.13244071182948067,0.16786954014890834,0.21201700533539242,0.21201700533539242,0.010762763899848819,0.01910364223199982,0.0298311159319407,0.004848619406774498,0.0327725965045709,0.03514475981536228,0.0350302597139193,0.0058054300417928065,0.014704420602848791,0.05356849516992213,0.08129768007376137,0.0129409462382828,0.03677467225551829,0.030657424262753356,0.0750921879942113,0.02010372604522488,1
0.1954288575087266,0.010957161290301628,0.028054108206873152,0.0028074455576208262,0.2066146006901662,0.02078115551988108,0.006917725984077846,0.001878964413067246,0.2066146006901662,0.010709937916933678,0.0011263789741284159,0.0035717745869202045,0.12433744085892903,0.033959054985996315,0.0031309295465041832,0.004820852374868925,0.04258044246586277,0.03164734251672159,0.04839961961069072,0.008636998274512442,0.011603754733817577,0.027738104837843832,0.012788365700454008,0.019369108401375925,0.017007051650669784,0.020454072197445595,0.017419186108018368,0.031781954880597936,0.0034032245958775576,0.01162118453786804,0.008617804185417665,0.02475412533349476,0.19836559141464963,0.2066146006901662,0.2066146006901662,0.18270321089397523,0.003332588195254699,0.008583547943252846,0.0911576087409805,0.08872238317169263,0.0241080317498314,0.20621521475840301,0.2066146006901662,0.1432904172566573,0.0012201238437405436,0.031167140877256656,0.12569895257296843,0.11842962021483779,0.008041213531512086,0.027488884278429614,0.03295180248203637,0.0620249135514803,0.0018639137342796588,0.03254083097438561,0.12538937373062073,0.052209996950115876,0.014353808745233444,0.06663027682939432,0.07614686052215829,0.061054047337715106,0.0004622734125282896,0.013938519581488602,0.05377533702181066,0.03214043014780452,0.0020653236818416396,0.01841416133598073,0.017131371357370032,0.1667791065795853,0.011045804066906485,0.022164256062771028,0.027193504816384915,0.12741730847015828,0.02773071803383614,0.029694264844702896,0.016057365478046814,0.11299090668065741,0.000771476697858275,0.0036187390352959386,0.01705251026592351,0.1530311169206216,0.0172143223643919,0.09511606100185725,0.06298675521808449,0.10498194753968101,0.041523574641061066,0.0556925694593574,0.07156256843127216,0.09606913307912925,0.022126392062615748,0.05009604228633253,0.043749844367117915,0.04134257354943986,0.0033786319174236713,0.007881663981465193,0.025532284544662914,0.04201393817021579,0.019042912844319804,0.03414988122303457,0.13053052153592137,0.09362580637511869,0.050026476710559806,0.11306289287162873,0.20410809449679934,0.13640531418179647,0.021010752333671626,0.1509236897084172,0.18217378677403295,0.09765290051101459,0.1380317032737785,0.2066146006901662,0.2066146006901662,0.17858002945773513,0.019356200600722327,0.006440804416771971,0.029514713161160132,0.012900026653032304,0.026925740508802285,0.026212255272709928,0.026548076626667978,0.016952399988179885,0.04903304665635539,0.025917607358658012,0.012358340037792404,0.009597117864288003,0.1983362844642786,0.06838649955204651,0.012749993370650966,0.010207945352485532,0
0.1928892877429774,0.02640984156835103,0.04689380887984223,0.0009734273815844161,0.20877440612978546,0.02108866319684876,0.014543215782662253,0.018642476513100987,0.20877440612978546,0.004290226892750549,0.0027917744079768323,0.010067071128275668,0.12449275753389935,0.0023541732617350236,0.0005365445117311388,0.0028437309512003867,0.041827238709241155,0.023698293519596843,0.03739447991753412,0.004681183858261216,0.011154482617305391,0.04246734586354144,0.012289893087719815,0.02190016342080217,0.01818882195746409,0.018037031980313045,0.02786767467924406,0.017253681533955532,0.005241127432627561,0.008124664342606436,0.01452879189887966,0.04594788694494146,0.1972329573570137,0.20877440612978546,0.20877440612978546,0.16228538690788227,0.00223824953046845,0.0077005294351403545,0.03669604474568142,0.035262069219012794,0.02362210145919999,0.13521894932517206,0.20877440612978546,0.16677078757178324,0.00965187264993842,0.09174358855957508,0.17837527640566248,0.1568544499962554,0.010163050623367047,0.016820224227411338,0.01501445130734458,0.06369538992017795,0.0027225455987029733,0.023179771373809832,0.1102895474505085,0.03131268101221362,0.0195378459613508,0.035653859747694756,0.06774948800996015,0.055480990799281385,0.008848513873286485,0.06080930796844398,0.09425082151940005,0.047989460140243745,0.011693254726906032,0.03435539029124468,0.01638915631135877,0.1834049975898522,0.018502166953171886,0.047439798465272805,0.06556193380200732,0.14110555941982553,0.036467343048591214,0.05932934102973191,0.027475779824113932,0.08962700119260812,0.014362452589207743,0.043071956594486184,0.037590208576422805,0.08555785949592194,0.021613541029745158,0.08780662522625485,0.05085085707787484,0.08306449602475831,0.05877395873684402,0.05674201831129712,0.0577610217771017,0.09111423760527804,0.027370525043991914,0.08855624878238931,0.07876731055930979,0.0785861288989451,0.0046660559818653,0.015382762919365977,0.04479525625183278,0.054783201405001064,0.010543796794705976,0.023832931693368423,0.09602824438860957,0.07154006506239492,0.030079198449329263,0.03594443240127904,0.13329733456708742,0.11522313855930953,0.014472018906680378,0.17348320284394353,0.20877440612978546,0.20877440612978546,0.12315420992703428,0.20203109571734673,0.20877440612978546,0.17135467888964256,0.012943079054127652,0.007529732454850716,0.04144922932186722,0.01154960808802756,0.017923140950730953,0.012669865312409498,0.0502484551375255,0.023483626134819278,0.027756899159139408,0.02826853556554223,0.023908715658251554,0.012519014539962257,0.20161950217577448,0.020108870116060305,0.01902949602452671,0.008578728319900754,0
0.19222398308905445,0.02699083787468413,0.06782470954530997,0.0062815277479865905,0.21473592333116626,0.03306988671501442,0.05483742933783086,0.011038811512276108,0.21473592333116626,0.026927101824414417,0.004227357897907553,0.003346466070540204,0.16293310121735188,0.004632135064365438,0.00977164606674292,0.0006767635756445803,0.06759687997476263,0.04676853459924538,0.0824741359154428,0.01019215826272555,0.01425373332460244,0.05422176551974069,0.047881554210614526,0.008656909516942158,0.011346681441893764,0.033838621828805544,0.015520680309473601,0.008824415652135277,0.012127292879695198,0.039626575391093044,0.03914676533250826,0.002524978769115855,0.21473592333116626,0.21473592333116626,0.21473592333116626,0.1624115252342581,0.003729692369070908,0.010891371516894548,0.045445133554706814,0.017711147892635056,0.00147244884148322,0.024193643240774065,0.06794134170379688,0.03340716457614131,0.007325151361867397,0.10474158026059374,0.12454343378535288,0.07544596759330861,0.025513879806440622,0.012443535450347726,0.01661642044345495,0.1074164452493999,0.0027213439298371784,0.033370014863580315,0.07644689703855542,0.03149628173884207,0.007145163033702162,0.02399277627533028,0.1099776233328941,0.06365852346409799,0.010998555762209677,0.05172384519851074,0.10494697417845025,0.06835823561166818,0.008265237509701262,0.041955977598714514,0.02552764921974002,0.20941752136336717,0.022765300781878568,0.09211354201478733,0.09134418507711287,0.12957367964376526,0.06843339124365262,0.04423834122691884,0.06465094694353625,0.1271188145407566,0.09453981341197736,0.046362607314507386,0.014858810707881812,0.05961216561102837,0.014699597928786909,0.09277687526926177,0.051788402853904084,0.0746039104025681,0.08585889196696662,0.11920424640362796,0.10406183785809599,0.21473592333116626,0.08589016774406759,0.06710398407188128,0.035253680053680576,0.058866954888011525,0.06542453354914807,0.0668188889654262,0.04162342277066888,0.06460654654016765,0.0037290630830975717,0.025067376349423683,0.08800139925933075,0.04610133831417693,0.021191064047197197,0.03825174341235017,0.19935433391249094,0.1008449743701348,0.016301461593524358,0.16903290533907317,0.17417594371349082,0.06588878546184448,0.14438546592900797,0.21473592333116626,0.21473592333116626,0.19454579174648845,0.007463175750548504,0.00806749887490939,0.028457514692149632,0.0035202920637250295,0.014549950741110014,0.009991922141686406,0.11570070053395809,0.034281794011380644,0.01765841744391876,0.040670421621714095,0.023774675500150454,0.01347867601105544,0.031449082186920004,0.018423751069065623,0.04606371226956257,0.017141302061082737,0
0.1877907787470733,0.006550214539659415,0.023685439588714628,0.0022716809031128817,0.20985493745205672,0.0030680985375236445,0.011093762689877277,0.010385733331168925,0.20985493745205672,0.0020440951671207215,0.0017349112306257212,0.005449406193985767,0.18285073026669027,0.005527660578352034,0.000554236011009041,0.008107797616635283,0.041230669429248315,0.019515305128350622,0.0345190560621825,0.006581897234725521,0.01628838380397608,0.028080704539394596,0.03454274754722279,0.03034851109341881,0.01588088813462821,0.016428116976012132,0.015629366560010533,0.015805453775155548,0.009071417931909508,0.01960170818567371,0.010511772445471305,0.015046026093688668,0.19125107544165504,0.20985493745205672,0.20985493745205672,0.15428243989600274,0.0037223107645820595,0.02038771054564824,0.12982328436074847,0.0755926859375047,0.006507492319622539,0.07402212770778106,0.20985493745205672,0.15434314660689516,0.001895968706397453,0.08282860383388861,0.16975929326216493,0.13142474710115482,0.01641496474693459,0.018858749750796742,0.015512279689391329,0.04976135869700067,0.0042203431343763986,0.052643891961968774,0.14637205109093682,0.13182814380185776,0.0049731498548754765,0.02371136904288606,0.0642329293486981,0.08033892309996235,0.002968564251526264,0.017504155795077036,0.02748371782254727,0.043367169846089494,0.010189386390427222,0.030323397593218584,0.020024092735171962,0.15670157852582278,0.015050185164893077,0.05450290852598393,0.06508205339436086,0.1081176568176781,0.012371258539764817,0.030460985929046683,0.01862625733429313,0.10891635598479071,0.011004209691894928,0.026891706671625354,0.04185234105580842,0.11430196821014357,0.011274593073350093,0.05455223379936682,0.10326988836197253,0.07446579326502763,0.007905878743638404,0.033081464588072484,0.09708324360863518,0.04771462570385452,0.01835214041500302,0.10824020636480962,0.12209894142479279,0.06625362390976211,0.031201715169482728,0.05811543043904775,0.09813978286376215,0.05800006071054083,0.005375610148729232,0.014287103709527717,0.13061310084859534,0.15066040264660663,0.0033448789129381794,0.008617741353600527,0.08494087197451279,0.09311940560360837,0.0053611319615822555,0.10261864543497362,0.20985493745205672,0.20763273074118807,0.18576821818415268,0.20985493745205672,0.20985493745205672,0.20223935910576096,0.012392397571619453,0.0028220977402843247,0.013709448607475394,0.01380273554845831,0.014348837362514693,0.002292502679407602,0.013732678928119215,0.015224639828723893,0.016166762827673577,0.003036012548837673,0.006907507556935274,0.025367805788466688,0.040610910056037924,0.013127764452698061,0.008204984222573925,0.03136585695559168,0
0.20861707768888663,0.0011909320243849212,0.0285693924457741,0.008363132204726346,0.22698014032974223,0.009562098942173951,0.038971578719889856,0.009290060565830817,0.22698014032974223,0.024733827988462954,0.014169407631254547,0.003205572819474703,0.16905977088990662,0.008904337263446995,0.002260937708960647,0.0003003641219874954,0.04037176603943207,0.035267361611279385,0.03003790109167953,0.013242902197484304,0.02069768756977826,0.007647880591560216,0.020403562730543064,0.010015988148933681,0.009482854026334189,0.03190745090718555,0.018422211861207155,0.011602615454251826,0.006625793741694277,0.03057179343131795,0.01697789365468014,0.01933325601982994,0.22423313035075523,0.22698014032974223,0.22698014032974223,0.16198806784483163,0.006170314203032258,0.008825424097645463,0.06958165835154867,0.050333201474464746,0.0014293484079640091,0.006379833025987303,0.08782876387675843,0.07379300684847016,0.002692938755428336,0.10647771274891732,0.1601473650949764,0.16108782133676053,0.03585105570833702,0.024423341136460046,0.02309838334608044,0.10426294603627281,0.0016634282331392436,0.01793508937838154,0.08050737467775149,0.06358466704185076,0.0019529335854354367,0.012030310770220497,0.09628679975118351,0.12821765784151126,0.003482003487919169,0.024350989070881388,0.048540150551223696,0.0534737213185154,0.004548480896011241,0.01842689217955162,0.01992115511164328,0.22698014032974223,0.012752518790410804,0.04161201961442726,0.06701998255779314,0.15840387620588117,0.012626767156010126,0.022832479578945273,0.046036912919177615,0.1782199190342698,0.01822327381227503,0.0310133582907751,0.003661126419969427,0.07826457122417574,0.0030379899650849755,0.03524030182767761,0.04606364840552642,0.05465713294333337,0.02074074062208404,0.08769302073308248,0.1340310979400329,0.16523881040844715,0.04164882416211502,0.046736852960859526,0.04384033588505221,0.05621560945342347,0.044665436400096875,0.11389699998395643,0.07949567328933509,0.11225067695269053,0.00605719975385559,0.008514186868380685,0.03483071038870176,0.02699533309287022,0.012583191445833926,0.019673182366316405,0.12301128341554794,0.13513756611392003,0.034845898207946584,0.06779349606488257,0.12261004354310256,0.08947223929639458,0.17480058839200766,0.22698014032974223,0.22698014032974223,0.22698014032974223,0.027295503464570717,0.0023822509517387757,0.016831288320981366,0.009283086082749241,0.02480032849125437,0.004381465084219526,0.05605047982398668,0.030911700273454933,0.027915292422845506,0.00966370316041917,0.013267524002756938,0.008779117995068763,0.08189271486670285,0.028831056769513027,0.03135864208656537,0.018415715114644703,0
0.18651888250107773,0.02754141247798279,0.054318255461770236,0.0019083247709837353,0.2181436579006357,0.019509429252673884,0.021024668421617022,0.001397157468173904,0.2181436579006357,0.016997583969285596,0.01079748984212166,0.00315769840261807,0.16246072381933507,0.012259560815313486,0.00412028561623581,4.509454036723321e-05,0.050955642066576934,0.025898902926202737,0.0500165170247579,0.00667318585635293,0.015100724248790694,0.020900682030348245,0.007791757728672857,0.0013340348747087844,0.010966213031178371,0.008733949995137758,0.018263700877162455,0.03761513728137042,0.01929587066945717,0.044957202101955605,0.018926141823610812,0.015041580556306021,0.2023850996075441,0.2181436579006357,0.2181436579006357,0.1636969949424555,0.004689575702112675,0.018513617208493493,0.016557555079648314,0.007282135378714276,0.0026832198082181046,0.021719404164613702,0.09348710766272392,0.08570312777372677,0.022826836856832174,0.1853739638551104,0.2181436579006357,0.15825777207302977,0.019341310957445308,0.017027703125031834,0.019309852732966235,0.0732759336296252,0.0038138816411863335,0.04173666324888008,0.042370602502943576,0.017643821940046486,0.00297025154883415,0.02379208267432629,0.11441665995205763,0.06655761578280123,0.009112583204333318,0.0212108748480233,0.04221280096076948,0.04780116010863059,0.0036105397930946232,0.015048792422887584,0.024118442425941133,0.2181436579006357,0.009742484401491565,0.06145288343147207,0.047173111816092926,0.14718727295148468,0.023233181131104886,0.03920232580906936,0.0580136352532668,0.09964112919451,0.07578809672239631,0.02242705032957145,0.006792776366655368,0.06948119719132344,0.007389537671242747,0.04039869975198588,0.02411060859117126,0.05054386826936074,0.028582091962195133,0.061526530946846514,0.08923624057247426,0.17137775554013787,0.0878926030481328,0.08078615282318469,0.05917406422761624,0.06861860927204406,0.07976286914619131,0.06564736834416461,0.07552308697483928,0.07634183036325885,0.0020949503280236746,0.009763245765844884,0.03076072517032766,0.018542294535513835,0.01798133944027433,0.05800250978669546,0.2181436579006357,0.14703358588390641,0.04164888211494591,0.15602083771310463,0.1460644995456844,0.11003772796514998,0.15070831075707158,0.2181436579006357,0.2181436579006357,0.2181436579006357,0.008906522019586726,0.005594702110752166,0.01583447014935103,0.0014613559671003134,0.019787252944976654,0.013428001749740683,0.07643278052667761,0.00939389405814079,0.028865741984670734,0.033703083850153956,0.02404698810615529,0.005707855109087495,0.03967875945516982,0.03988839246676226,0.01604570649377795,0.012839600420630756,0
0.17855418148090021,0.015999511510713254,0.03618879692749405,0.002328057816687396,0.22375945845333348,0.015009495243315778,0.027837828230280203,0.0034429002957115664,0.22375945845333348,0.015039661019760484,0.006224023732052519,0.008976820660190728,0.16638199593890546,0.017609252211789692,0.003581464768480737,0.0008022431092100337,0.09870892425080618,0.039904313513820046,0.04701850769612427,0.005343232628775446,0.0255159161775244,0.007136394090612933,0.05292933811667391,0.010703911072497855,0.024023059804296015,0.010620259651598584,0.04768687092391517,0.014144382614784097,0.005719775042639659,0.02122348540430065,0.012649571517083832,0.002134594099789777,0.20101866709252916,0.22298409484380433,0.22375945845333348,0.16257995975974338,0.004668633662446399,0.02253376913223558,0.08592395290974861,0.06267391043698681,0.0007571473272781436,0.026546507791784326,0.13483404869231694,0.06361391795240427,3.7775842986190647e-06,0.0038321256091705235,0.011897581995377356,0.010266512672884483,0.012730219260991863,0.02709322545675311,0.02265972881318255,0.08401819520481296,0.0045885543405313175,0.09409307923020702,0.06196812257442859,0.07187866346913449,0.0007259099208121853,0.07146006184641454,0.11456348124734254,0.12608287988146266,5.422247093544601e-06,5.101629975389826e-05,0.01157264811433866,0.03541248671575703,0.0034392187166874186,0.06278745076111082,0.03370400185661052,0.1799133789053178,0.002785986435209998,0.18221051348988732,0.0825585536019857,0.08866940946063594,0.00041770377961627915,0.05369633309656658,0.047874099831106104,0.14442757283718377,0.012292234610299513,0.0007263825773595333,0.004054302666986106,0.07271254752248361,0.006066135851314962,0.04264621443336148,0.04554781510394423,0.08436058851017547,0.0013182730853571307,0.08889595624474583,0.11333283145517936,0.13163083595533426,0.02104795781987822,0.09704039568375517,0.04727168642244896,0.017570252866378276,0.09588859541456415,0.17894990654472132,0.09833216476450334,0.08294258000897484,0.008263676644792318,0.016930301598021925,0.12843711195505256,0.09563294121613412,0.01022461071341729,0.024127752683048318,0.19177910511005725,0.16811227061080583,0.04465815209984241,0.08676158735910057,0.048722969097324716,0.024323417816815643,0.19944238493382183,0.22375945845333348,0.22375945845333348,0.22375945845333348,0.010739803351750182,0.0036159419751345214,0.05883097847278305,0.011949542070052579,0.032470091042125934,0.005065712408286424,0.09539126390703545,0.01816452346798659,0.044025146173594966,0.007381336456513319,0.009810951215685867,0.004178922160140669,0.04807211699824959,0.02293431635306428,0.04370534140240406,0.03307238768242154,0
0.19955932436979398,0.007583551021378227,0.025878479912232088,0.004589491066983413,0.20977048242330867,0.005899875392283115,0.0192355538255223,0.007220599268024237,0.20977048242330867,0.01196179489419074,0.012743084764385411,0.0011064166618359101,0.16805279810759383,0.017604753689057437,0.010387729386281455,0.0015529309126524732,0.060495495535534106,0.01891155188536338,0.05391219158202195,0.013775833414415607,0.011996984111490826,0.005085920722744201,0.07882473487157662,0.02274487540567837,0.011053796375361198,0.008362865903965115,0.033552099777520265,0.049879246380090385,0.006568859292652728,0.053468798472180196,0.07006752040416771,0.03261469098424795,0.20977048242330867,0.20977048242330867,0.20977048242330867,0.17637006749637466,0.0007230525077241269,0.010709074831494471,0.07624047502423686,0.02755856563257783,0.00037672214808894835,0.006245963092280622,0.05848920088988038,0.0856806033460749,0.0032945855237319992,0.03173110734600116,0.2029002100656857,0.1897166032258287,0.008459719998232416,0.014265008935336486,0.014501559783854232,0.051927430433197926,0.0002800848254336665,0.05857518623423836,0.09372114303306431,0.07675819895613534,0.0016471310584069792,0.019810748770021473,0.0773689577799193,0.10940251188301614,0.015792493707170573,0.027624983229969816,0.021971276642156316,0.05917795990150319,0.001574561213110446,0.036909498827332625,0.02405275650480743,0.12528367309655747,0.007592577821197715,0.08624763489859437,0.10478073994238658,0.10075080324826464,0.015592743434133164,0.030739497874650724,0.04558183077903745,0.10944403753605633,0.08865890743139844,0.04466509545078848,0.0018563852746941337,0.06933580665832068,0.011455099107791253,0.10081985519789564,0.1486498431775939,0.1600106627363775,0.0202447126895842,0.11833008969920338,0.1672067098938047,0.11819822473872331,0.07445468171369765,0.15015870773076562,0.07612095030642171,0.07263991084944174,0.09932869175044919,0.09677170903709433,0.05755904925054559,0.0791987742360259,0.018208718370239643,0.013192131103088015,0.18182239932896355,0.16056379082414649,0.02934988770952344,0.01920523356534378,0.10337155449547163,0.09746956287980081,0.025479940683190424,0.09188872751307497,0.0775811247192464,0.06790718443758584,0.13463486856691062,0.1959505643506268,0.20977048242330867,0.20977048242330867,0.014753550846890768,0.0029655013257255817,0.0354804119750264,0.0171171607034478,0.026823968126841662,0.0051248816397793965,0.033301277754271004,0.021267992119661874,0.02291223785398556,0.019949763868793696,0.011233351518068898,0.007145628996323144,0.033743341161576366,0.03479573648264518,0.026141527733291512,0.012444416785781174,0
0.1795296550511495,0.007500688091433276,0.031181675161526354,0.01697190251004516,0.20647219653201998,0.013342051934144991,0.008229703507181283,0.00763746995440527,0.20647219653201998,0.008143207349981033,0.0051995374971775385,0.0033946095757690507,0.15115281798058938,0.010642227918173704,0.00480616755347969,0.002499402453806989,0.03859166214544912,0.017542960317198916,0.06172290093975735,0.026608439929850732,0.00987987781482179,0.007915600418478492,0.05466691357961523,0.03448565635386795,0.009098754441926938,0.031081280980153607,0.07347946963007385,0.03753643301391383,0.00892101243598307,0.06101506888429771,0.06061335899792403,0.016588226225335286,0.1839225288971222,0.20647219653201998,0.20647219653201998,0.16587123300875467,0.001704735154327912,0.013457041412011556,0.11663288249669994,0.07075579641543277,0.0059638554027045204,0.0458577726557142,0.11966177786592912,0.14738610130030613,0.0116251522644244,0.10292473416578125,0.08779644134836262,0.09492070888798103,0.015127186108360242,0.034973973132254324,0.06267752972281736,0.0689966377456268,0.0025555402500000565,0.04319793862053437,0.11716496266096366,0.14333650788874858,0.005064868708873261,0.009027563469159845,0.02049507948412332,0.04619096394753525,0.008141218973335909,0.02455259088418352,0.022397348694798876,0.02151351150539563,0.016362651582000922,0.04059221791096447,0.06541706533793261,0.08430030682623389,0.005952097126808331,0.026272673713582603,0.06921619914917494,0.14074624450509096,0.021198062212178688,0.0139610103640212,0.010481171530452298,0.09836615424157545,0.03140496471539225,0.027755617967334528,0.016735213963789804,0.07825197036230948,0.0071288222563909535,0.03539893652713054,0.19949906260727215,0.19566057371988174,0.011882626678524045,0.02975211683158252,0.0695642663353329,0.059115740380202036,0.05229197472765707,0.18551761801415126,0.1555040467166736,0.08651138812165027,0.06480928855632775,0.09906106173412237,0.09996337353162212,0.06702851736611831,0.0025857643543380484,0.009878882751644563,0.15866713118675807,0.12218014943547295,0.028904211518802597,0.01959344398887453,0.04620179667223741,0.04709299933449395,0.034281108029857434,0.14672521655575116,0.20647219653201998,0.20647219653201998,0.14368467311147515,0.18764009135114654,0.20189246394207053,0.20647219653201998,0.010908501374337591,0.003303762309121291,0.06853865539349728,0.06387757943445238,0.024032980994405425,0.009565538056994118,0.012313710095800621,0.015113312591390015,0.028109792742072617,0.02181765652972346,0.013820482485335022,0.023624253303571246,0.034147198448592146,0.013246474709568263,0.01487691550936756,0.01103891929264192,0
0.18911452857341837,0.018538991732223863,0.02494240330254706,0.004254209856345601,0.20826349144171363,0.026582350580384953,0.022101231779337194,0.010885503041048704,0.18297994989988803,0.02050441699661185,0.0008484817411659845,0.0018782259178112496,0.1532322498815323,0.002569208286147124,0.0003136690439169468,5.672753481290189e-07,0.043142723843985424,0.027463344174634138,0.03956243370044074,0.008864646764966008,0.05089682435135281,0.06202725304539056,0.034762602048440734,0.02430044683055305,0.045862908656898786,0.045084820356428516,0.006697283332543588,0.003906438296853378,0.017007880782946745,0.03539585610489818,0.004664476313461885,0.005158217903575156,0.20097552839916236,0.2095385856005324,0.2095385856005324,0.153238994679877,0.005785801359498963,0.02089488951562201,0.07880134043473032,0.05766971046040385,0.03471268206202264,0.09989000157171551,0.13407806975301798,0.09927090190604113,0.0602639975064509,0.16080689488969982,0.16425783051839057,0.15936648149548888,0.012618442030739028,0.026877278285697956,0.02878219815897203,0.05213396127190476,0.002116796032563884,0.06877642070255151,0.0948215658991556,0.05036077339323258,0.03196932388633043,0.02579654851370176,0.09505953723532527,0.07183767241433202,0.04743995992148268,0.05147783292718085,0.05449425389205654,0.04518422627794872,0.00482142570457664,0.009677185614071934,0.015106714712548767,0.14439790213431702,0.011879729866662645,0.03901773666920489,0.052852523358082486,0.12173741038279147,0.06140382796180466,0.014775383254776987,0.019922177636686477,0.10460574599578241,0.045226476580560705,0.016131480330030402,0.010766461164784108,0.07593374334996497,0.07512151527265294,0.13994116748358837,0.09961017537257102,0.10024388598863776,0.1562482190339909,0.10073054618868879,0.09251461931305784,0.08884349348664308,0.06857748972055547,0.05414733646693459,0.03577174152260052,0.029125455540570333,0.023015402474506477,0.032446912690006956,0.051924339765131285,0.04888635925320821,0.030414335387426484,0.08520842537164146,0.17406958767482283,0.12363822526883586,0.03554978972911342,0.053714182351290225,0.09338443361371415,0.08877651802131978,0.03932091451746863,0.18267453485678553,0.2095385856005324,0.12140874832192904,0.16183962680199293,0.2095385856005324,0.2095385856005324,0.2095385856005324,0.014846854132521235,0.008402910900704509,0.05492825897097597,0.01846808600297004,0.021202998032012668,0.009199573518301,0.04063284685224535,0.018825826154291507,0.023463472830339643,0.03986273542478767,0.009986638465417046,0.012444108984566849,0.040256278415211295,0.022509670464664497,0.013337300125585762,0.017674238761336655,0
0.19216454302403352,0.012910794664537815,0.05857672712330987,0.013838088578464117,0.20838229828281535,0.02708313321230753,0.019726578385399967,0.008705387267095006,0.2018559525403357,0.009198117701090294,0.0033564981661824275,0.003460348475428042,0.10791721222142597,0.014052059317919833,0.0022089933020049365,0.00010311993488183353,0.04654238297909408,0.028716627577917275,0.06944161038930333,0.0119843801572244,0.010229854795483889,0.029719360724399617,0.028442690130115876,0.02225100258315935,0.008863606391556601,0.027009122463289542,0.01823231722349187,0.017332525238880434,0.010683536179698685,0.04639435763396463,0.019512745168126046,0.007571915883048193,0.19204135866153674,0.20838229828281535,0.20838229828281535,0.15553352761265057,0.0013789815255441206,0.018957622028749625,0.13742768076789133,0.08486752382466412,0.004664220172302222,0.08269589380132743,0.15333164278818073,0.13210337655093843,0.00676076311306853,0.1323472324156346,0.14879655609175702,0.11950087860942805,0.011787654518933892,0.01834941729834601,0.016834052635712214,0.08859797840090977,0.0020065062292853064,0.03621920916760847,0.14213078959080291,0.08737600892987903,0.004144941714317249,0.012525874290676033,0.05745397446530308,0.057730754186581246,0.0036056784437931747,0.030355217004788944,0.0403135783990736,0.03437624825327493,0.009916471806489547,0.04001071506409489,0.0154767999333847,0.17909655577042857,0.008437539514968192,0.043232973639282316,0.04612381796932921,0.11070981425604423,0.027258689819062834,0.021339042169162346,0.013824177355593856,0.11401151908401301,0.01720295632515487,0.024526789387449836,0.009223875708020284,0.10328650081858189,0.010939318792430076,0.10768860097403794,0.07613964081907743,0.1015111373703502,0.040677893795661724,0.0706941502571016,0.08484772840500068,0.12653294167491,0.05627662463338638,0.09668498587162477,0.14063967805331273,0.09126597964053419,0.03242566499365812,0.05125851813456064,0.06272906718886079,0.07507049305324116,0.006964921752280647,0.01295342600373128,0.09891451064924003,0.08867258686930157,0.027455360509839582,0.015102130135670997,0.1366388910229688,0.11191838011081605,0.03618709908031797,0.17761169618938438,0.20838229828281535,0.1697738807576417,0.13849343157680116,0.20838229828281535,0.20838229828281535,0.19540746311343835,0.017638182368182338,0.002299119028043617,0.027557620419011077,0.0102122556374237,0.022545468027641707,0.012626677490459641,0.034450524566743815,0.020625841489203135,0.02437418898541473,0.051542322139550775,0.03653853778030095,0.019654878453741153,0.15844621002943238,0.04111795301004407,0.02057557266276004,0.01216734261789075,0
0.18326633675319826,0.005975631564297869,0.021908332142427243,0.0022962298035012147,0.20791329789617766,0.0032917038384631305,0.016387991378931828,0.0032232693201351375,0.20593690772061932,0.018318391117406862,0.0018757372274323966,0.0006363288542322083,0.1500289732132064,0.013750993243575454,0.0002645186419803004,0.0002337385004186171,0.03843177982658483,0.015164373439510135,0.022290488991573695,0.003766338044340918,0.010749029296490875,0.012574857699076946,0.023981712086625973,0.003196543777644604,0.03501055909717002,0.06407301693678778,0.04793667662817134,0.008679072073926224,0.05806555362004076,0.07196525993608321,0.019561693705942476,0.004818810807462485,0.1896318353039677,0.20791329789617766,0.20791329789617766,0.14885356942883615,0.0009144821863355871,0.02506175857956739,0.050266512789416094,0.03983591747748732,0.015056765029710595,0.09095598831933228,0.20791329789617766,0.17787929701356175,0.043182787669409285,0.13087709021531418,0.1440246766916021,0.12150138185065391,0.011156384522416287,0.015669779826242486,0.015670379367538893,0.045362672530017814,0.0012580429027594575,0.034754440068708856,0.04014777953477753,0.030569309575597135,0.006102399744231084,0.013768338984455704,0.046259120749481575,0.09168637323615159,0.04868462581120326,0.018202473023783364,0.023050444801500064,0.03253414532801735,0.007362793087334676,0.02497527691927505,0.02499100791986154,0.15738840619321498,0.014356868289291997,0.09209893075519153,0.0748748365205331,0.07343592577025607,0.06655742970430228,0.022671999707791223,0.017689538450821628,0.06623100245636095,0.06711186471583894,0.027459191795779603,0.004229691154620746,0.06475983933983999,0.017785697854216395,0.07678865858966784,0.04779881273813376,0.10849985537609284,0.06527215681073377,0.17342259342553681,0.10265626469348486,0.15696278349084003,0.19859512928687745,0.1701166550841465,0.05690199066319998,0.05412986313167974,0.05390234825481917,0.09346784706751207,0.100101926769654,0.0599300284856218,0.0080984611513245,0.0406132795620748,0.10980062728705893,0.06592427478187166,0.027082662250078507,0.07350401407004101,0.16987171728366482,0.12064137483242042,0.04605665726988653,0.09149808764796188,0.16445628357918315,0.114817082615128,0.1319453214916797,0.18807164531046644,0.20791329789617766,0.20791329789617766,0.010590694880666331,0.009821746075137769,0.05246080045728827,0.002936422115482089,0.014015229887056353,0.007685405987690864,0.09480457609420052,0.012570111257103835,0.014267789089152562,0.006471747097102229,0.02169826549809477,0.014249999292386252,0.036630727057806074,0.009206337236435729,0.012400471170337116,0.039524948632303145,0
0.1871046539797174,0.0138469535736584,0.08185278324878792,0.008657966897670913,0.22131832269589302,0.023528286089494952,0.032563028360755024,0.003441507764230136,0.20781555636235322,0.02807838652200158,0.004475431609383032,0.0018520685338696424,0.159919999900001,0.0011896690744087072,0.0047136546399388175,0.0010895331028202772,0.04472910379255719,0.02574857527608017,0.046872262994498246,0.006256470666683329,0.01276201655268457,0.03641885958674429,0.02645057503251553,0.010040635656735183,0.024617337951183055,0.03496100289304031,0.021814830440646353,0.06318297753555065,0.014888632132965275,0.03880051336205794,0.043301967483907536,0.010556198606605236,0.19945306606046886,0.22131832269589302,0.21796279428525692,0.14251749334866623,0.0017140694965567145,0.01619756849113875,0.02578108440518031,0.013261831550526768,0.003630702771499511,0.005541874343198384,0.05451254080658657,0.06204078051778305,0.017663113411474658,0.22131832269589302,0.22131832269589302,0.15496291617040467,0.013238524441125527,0.01780406865899723,0.02371364468528372,0.10071891666901493,0.004444465713666251,0.054310291887045344,0.07391908406080466,0.03283066020054314,0.004321258190887978,0.03266857372101234,0.1406794877818366,0.06017984776950139,0.0094424723550765,0.02075950233813259,0.04686908342368347,0.07641034456696473,0.006656780204935548,0.03459525851087756,0.04583188809331512,0.22131832269589302,0.010826011692513151,0.048743324632633936,0.04980064912477703,0.15797171575031976,0.003940061174062548,0.023052347574491885,0.07273827494502191,0.14285676083499582,0.031570583169413205,0.02621326057773614,0.0055794852336599286,0.07207492576220594,0.013335833076819856,0.0764785454854712,0.020924076790280896,0.032685329883156956,0.04095767511694002,0.05330640508023915,0.07255467356320844,0.1531794423881593,0.022923830619738215,0.044752794460137614,0.056385503754411155,0.0511285736809743,0.047104781001136624,0.08768835101969863,0.06606728131019828,0.07912249765466532,0.004517384848978646,0.013027501476907637,0.018595920425204145,0.008738582946060744,0.03356402684656866,0.03178392949927581,0.21996859373073152,0.1568303031602555,0.027774887053743678,0.11089090289217635,0.12410352167588758,0.08494760347938159,0.15593764302648602,0.22131832269589302,0.22131832269589302,0.22131832269589302,0.015679318061150575,0.016834535953564912,0.03448942590855966,0.002767689349621547,0.021892206751108163,0.012179492862937595,0.07171450374255064,0.014678600283391735,0.02981688528101138,0.017306762732879847,0.016251963641428932,0.008657770247417257,0.04249712428497186,0.026328537418282824,0.02003924718490136,0.01232045972113183,0
0.17955013579122955,0.019441178723944626,0.03564901191174582,0.003936016382041645,0.21698624188154503,0.011014009850647868,0.01948555008214481,0.005611383936068522,0.21698624188154503,0.007276600227080029,0.0019334652385071128,0.0044417576208641086,0.17354722146179632,0.002146255352455265,0.004990324912459245,0.0007826814642907091,0.055432792079788865,0.03551708590477301,0.042155255286293145,0.009459887231757707,0.038927025666645854,0.013239147822071137,0.027313726096574797,0.010513262037506911,0.011859195743354532,0.011201982309964012,0.024961149216648302,0.010677131433620743,0.0080190601955636,0.014792980861822354,0.037585043609413296,0.010167342197427534,0.1781165572005172,0.21698624188154503,0.21698624188154503,0.1527108579559419,0.015010525512384305,0.022311202041715064,0.06266695738694716,0.034871153700813104,0.001933218655553736,0.03125300612061111,0.11149167514436065,0.08259069204938174,0.015667100039950022,0.18764966837653557,0.21698624188154503,0.16645673371368852,0.016966271530153506,0.021853336682244536,0.015850824962520084,0.06312949714226844,0.004830292725577486,0.06881720285429857,0.08632431787085505,0.05261252114698197,0.005159177886957865,0.029268343495952604,0.08584047710917278,0.09293843260463104,0.013454765177069216,0.06750959302451137,0.042518670918257395,0.07722392719046806,0.002689322322290099,0.02033163773153178,0.021647035525667033,0.20812592779969438,0.0072635734619708285,0.07870496436730769,0.07435042724023933,0.12206800151040154,0.03308296133774765,0.031062767484596958,0.046469181355140526,0.11927473211781146,0.05124593202003601,0.0330342667512719,0.0022130676453484305,0.06273870464203495,0.006674537060372456,0.036397066706299115,0.05215789655120496,0.10910166110969483,0.010499903922317335,0.05564960035292757,0.09891149148073582,0.1559274446337769,0.04570544421305038,0.09103949392071001,0.07939390002867622,0.05632730044082131,0.04346078639027758,0.06425510429718241,0.05413006366723967,0.063391268206811,0.003027938648543911,0.013882035684848382,0.07924220823383062,0.04511123475721937,0.005646057116729583,0.022859298612513627,0.1448180877523868,0.09874500955643534,0.03109778493317108,0.17723786100513722,0.203448281579821,0.11531942832924091,0.17508665300161547,0.21698624188154503,0.21698624188154503,0.21698624188154503,0.01134116043978179,0.010050871781239942,0.04181026462935939,0.005144207156974866,0.014763160007344556,0.007595091502505927,0.0746996703144628,0.020059752897646665,0.020272684913653256,0.026698561871521396,0.011271486319895038,0.019269532759079142,0.04402507993885554,0.023697696576443668,0.01660043706419752,0.012429472434241372,0
0.18448173196603823,0.013286674277843918,0.038978844851361896,0.00769439986215265,0.21019333766673687,0.031000393250637873,0.013826341713593619,0.008195430795679009,0.19196585073677097,0.05405662833980005,0.0037357049194091958,0.01108370724209693,0.13271187228234155,0.012687288252129808,0.001007318939056461,0.0007107169192238247,0.06964299480389416,0.04266926145871948,0.08337537589075353,0.00944957108273357,0.013369046391341581,0.05388589808311834,0.026523395700172925,0.01263039704000991,0.015709344039026997,0.03579703142091607,0.029758871590632976,0.04801511002826197,0.02398448832478453,0.11540759409612304,0.06283856800758132,0.007092771177330177,0.2012611560751812,0.21019333766673687,0.21019333766673687,0.1453490050001398,0.0010820580585536256,0.016505420791609493,0.033975710309614555,0.018351364976454208,0.0019264397613452877,0.02089769553378266,0.1254702458202487,0.10165814797574385,0.011556655348095485,0.12151601775029203,0.20924770999171222,0.14632996161416262,0.012242950760952274,0.01587487045879599,0.016264971753636816,0.07729049327199443,0.00041927749118035655,0.029259612152329827,0.07389613563312451,0.03379950090589927,0.004802050685541314,0.01505227950341617,0.12019275623373585,0.07522980627968733,0.018457838207720154,0.006478255846364272,0.013527052844141813,0.054497970489143704,0.003683313128816488,0.03145177943860436,0.031991372191581505,0.20610054885760037,0.010870412037587932,0.09599634753237456,0.08596403195631871,0.10055792881620762,0.02033323551473221,0.028060508509687557,0.04602473804024492,0.09609746883649602,0.05963412807253636,0.023448356522838245,0.0013283641788401955,0.0759636872188059,0.010569780034978386,0.1080707374430032,0.053441359420377046,0.07845823101894896,0.08562840831395939,0.16966274605318787,0.06682239092210998,0.1436046616287939,0.10271363909992609,0.08650294342493206,0.06585786663040673,0.032746382115133636,0.05040119973092037,0.08201095240874856,0.10925114924799106,0.05544174198511711,0.006850566188628388,0.028470495277348008,0.11438200207841732,0.06877370567329591,0.03558642559787473,0.04501358711401858,0.2013993403706516,0.14749248959177888,0.04599780382309794,0.10153184857708938,0.15488780515816353,0.10824017898985648,0.125525117394962,0.21019333766673687,0.21019333766673687,0.21019333766673687,0.017261531196916327,0.013369633163644328,0.037491366438971344,0.004994794019779144,0.04724132796122916,0.0224279466067131,0.09955322600891692,0.018779511391781495,0.0266021623993792,0.0311256292092614,0.007400473633159649,0.008535128052428792,0.031071537489549102,0.034342136002984545,0.012117418084693141,0.03583110268971244,0
0.20036580425792946,0.008872321719932186,0.04681922760753002,0.015544546234310373,0.21348356767300342,0.005856806251570125,0.020601179327769222,0.008949409573668153,0.21348356767300342,0.005396929571264247,0.0028087528492167003,0.0022097409430627438,0.17879772956762188,0.002968466142243179,0.009391618944385591,0.0014332868540801935,0.040062236207019146,0.014958336613876067,0.041084261691355074,0.012478674181253261,0.020509072921565584,0.0027820627004102013,0.0565347606413724,0.030918009828790054,0.010672819864056948,0.005046005232343205,0.01704711054984544,0.016013934034014268,0.005974092603368839,0.018570337563917585,0.06344825025057448,0.01224952190271633,0.19990610761699312,0.21348356767300342,0.21348356767300342,0.17101649291261417,0.0038155208954453184,0.0072493724765155,0.0958937399063472,0.0919640545195463,3.1713656003766926e-05,0.004236974169345703,0.06006666170528032,0.05341237750274243,0.0011531338545054687,0.13354786062891488,0.21348356767300342,0.2108511164239605,0.014395730130476493,0.020248929697878885,0.01487326977257319,0.07144008756551269,0.002527448056856245,0.05545759444400439,0.11097453154349624,0.1012912258791853,0.0004116982346393711,0.015925809272909805,0.05711974334817437,0.058403323099914715,0.002841561010270347,0.04658629087490294,0.02881385059762711,0.05397687884041703,0.0034786459823489125,0.03044908734353545,0.021001318176050707,0.18461718960464346,0.002942922932840801,0.06571436799465312,0.10256190170348649,0.11409578456143618,0.0030773367854894655,0.017636512265195522,0.022841851701170368,0.1533400478267264,0.014742884826600654,0.053608657778218764,0.005704154377714935,0.0813746296692837,0.00880059328685859,0.038205711749174164,0.06730848061232755,0.14521781926764074,0.005979048605478979,0.04016946026294378,0.10692704464104168,0.15856877854322676,0.014636135604676598,0.10400823970760963,0.08742918172816712,0.08576498385525212,0.030544745362365296,0.15720925292797644,0.07353604177958582,0.07701930425030193,0.01868967975260616,0.005178365028521093,0.08493913683397791,0.06460224423303304,0.003266209388806414,0.007946433165772974,0.12696543981431474,0.09066347924919697,0.015500001937880058,0.05733924892662185,0.15086125913068832,0.11360425973676734,0.19068048317304703,0.21348356767300342,0.21348356767300342,0.21348356767300342,0.015162562654886313,0.004794988901841744,0.029999080565619066,0.013863911671725635,0.01574620958513605,0.004618648019457749,0.052109686725092426,0.027746805073487642,0.023191349485874233,0.00554009067877212,0.007778437324998141,0.005882450926404827,0.04731356530060974,0.017646114857337438,0.021644888581402594,0.010098802952122593,0
0.17985932275267907,0.008203337617334341,0.014790162648643515,0.004344814087649685,0.21010351098186947,0.0029409676534317593,0.011512520081540746,0.0051999933392095935,0.18272710033245637,0.004666667595266778,0.007316755859151294,0.0017329026319984782,0.13607665040619146,0.002783616035958259,0.003960043469597804,2.1841961422744476e-05,0.03878130416852283,0.01749861644012702,0.0448439356409012,0.007522786351537432,0.00824911423865035,0.0027174769379137227,0.04181959455738199,0.009665374406624811,0.005626401855895532,0.03448692777203189,0.044507411372054814,0.010324212863055869,0.008379970190729903,0.06497821845400008,0.055566838263287385,0.008226304088134113,0.1788096470713899,0.20793606827977218,0.21010351098186947,0.144966285153693,0.0005170005333144966,0.015032091631550521,0.1559440834272042,0.08034954952553895,0.00029930370481915584,0.03173656844546336,0.1665990820437278,0.17143760687852078,0.004969449559202357,0.07890180333020953,0.17040174280377815,0.1548537857876865,0.010361737406832631,0.037080190829579,0.04081837756482683,0.0625037259180106,0.003088110568001254,0.05045502468331865,0.10204883821127197,0.17155707554251162,0.001015716075129359,0.0063221617638021714,0.010577512610308202,0.058512401451036526,0.004838879763122356,0.021952238633748605,0.007402032471569769,0.030282029184808084,0.004811689513075517,0.06755462726220209,0.052315640642040695,0.05895972739843539,0.007186766295171859,0.04523269078305133,0.06050817117868484,0.11210001494224506,0.014682427071631053,0.01953675299045154,0.007087480475629537,0.08279141352872793,0.030560467673062024,0.04254063664095377,0.0035733174587594986,0.05643279971897256,0.008507673248566652,0.08041179435881282,0.1555139920509944,0.2023070995200841,0.01878130961213758,0.059397193985453754,0.07290820596288275,0.04610658635266361,0.03965035952920056,0.148787314455899,0.14705042120682554,0.08721643022993367,0.036699129975409236,0.07458599601779467,0.08911960538266557,0.10095849748715437,0.012898181909819957,0.008509275286540616,0.18653857931142376,0.10865929328541007,0.03176422668522794,0.04554491124967874,0.05109102649428777,0.03191194274178617,0.042678310112892255,0.12982596980065914,0.20246477137839736,0.20049387964419893,0.13648931295441333,0.19291863770941678,0.21010351098186947,0.21010351098186947,0.020203683844738928,0.006113476326019128,0.056938978018921255,0.026722793125056456,0.026328316921391804,0.00978995095421635,0.023595451778075864,0.018758105309273472,0.025573447138907173,0.012050574264401705,0.020187852906691763,0.020862121988613733,0.03463853000198583,0.012085187368374401,0.028078981788327385,0.014767886451086662,0
0.18561793137418772,0.00821394226218974,0.02888281287038692,0.004787499861750604,0.20549598642853015,0.016356798622917196,0.00881500903834137,0.0021017394188593093,0.20549598642853015,0.012758889638092028,0.0010116845309246802,0.0008504993377070109,0.15730087856030336,0.0008982940601309455,0.0010883169863019394,0.0038355184279955878,0.046814728326503435,0.033012912920413674,0.08236323990784974,0.00865284447427639,0.01565852500123105,0.023439335083253902,0.028691361744288074,0.03421758038435624,0.031712852118406756,0.013282766365339007,0.04951327125814953,0.02478991140512866,0.008799973441325565,0.014403864089165724,0.05644070483537431,0.013744953139230291,0.17977939815872165,0.20549598642853015,0.20549598642853015,0.16857917323964064,0.009028636286091468,0.022636160087826752,0.15945433223145616,0.11002396387712579,0.020595482353065877,0.025436326109582474,0.14862590486141505,0.16685780421479468,0.0027193931213544873,0.049718799273158726,0.1226284557344248,0.11633012601644256,0.009252799147189452,0.030574766611542195,0.019596287356013098,0.0505530466282019,0.003097487819738723,0.08484285827231712,0.14279726552225275,0.08349087128674282,0.012050383464881857,0.022114154637941846,0.04567450845260174,0.06793658775118395,0.00592192222688597,0.0306481501789975,0.01589412995132514,0.03496779006303388,0.0069515351231438476,0.034407825906004975,0.018655026060483828,0.14339045341265547,0.005981390240830726,0.05778975225223132,0.04118445574078603,0.08363889072958755,0.011503801395427364,0.027589707068740612,0.012403345477077915,0.08193512478587632,0.012670180271401887,0.03774669616477566,0.015719153314500987,0.07849208515401428,0.017508906903432545,0.09169019170123867,0.08241983204213112,0.11421741270369695,0.018013122788996735,0.04100567287815294,0.07766685583248514,0.09972531445903349,0.010345308895988137,0.12957024775439221,0.17670332027653818,0.07612310150512527,0.027071677285853284,0.09979419742525122,0.1153386980917049,0.06636963061080474,0.032199205722898736,0.03129014277708099,0.16758050610142122,0.13062328589850236,0.03280911110565927,0.02581529390388235,0.14861819042205862,0.128905843560201,0.007692941437288461,0.06448186404423382,0.20446254635518454,0.203721324820834,0.17042967447815752,0.20054137479900055,0.20549598642853015,0.20549598642853015,0.024027959105372705,0.006026103130241167,0.03988448705463565,0.01538700614764856,0.05435356460728853,0.016133221306720985,0.043132044258826496,0.017585610854398533,0.023886355361582675,0.016379871281470004,0.008871201580850228,0.02331443344287561,0.04716344566140301,0.00744114940028951,0.010089502695813869,0.032113268854917595,0
0.20497835623038632,0.02407720490234435,0.06001352568314047,0.006524950610759455,0.21046206983561314,0.03928723582782679,0.02940254114581999,0.005901423116812133,0.21046206983561314,0.022495453526628247,0.0070503623446534595,0.004962602890300845,0.18419177064233613,0.006838743313178383,0.0012726104782668465,0.0007757431102985942,0.04878131187902621,0.019912811343146136,0.03328936202337625,0.005687418457371426,0.018006627643359707,0.062261348689037065,0.01137001189814198,0.009234490539196363,0.014949131195975084,0.022354923202252058,0.005511058477281592,0.023265755715355742,0.014366759797289023,0.01969282874195687,0.003335328685751132,0.02547325499006863,0.20210930414668124,0.21046206983561314,0.21046206983561314,0.15654516900690346,0.013952342250659831,0.05118395895429873,0.012272641335780522,0.012526456971946202,0.016339129279142654,0.08102542178620117,0.08847035144969564,0.08109305896959584,0.03309434493145854,0.1810862219080636,0.11294396505570653,0.09280562182774216,0.007533991549368148,0.019769140510371323,0.026322481717834384,0.0743503735539156,0.005989608224449576,0.033669715535447634,0.045974404029543975,0.021989696762047418,0.021978532501125865,0.0637836072442121,0.14806699584938696,0.0426561805068361,0.03219557486137508,0.0972616019016264,0.11678032400447635,0.06514186950901796,0.002415740791605274,0.013012267120240353,0.07346310373685946,0.21046206983561314,0.023669323613838018,0.0608635441780943,0.05836956251698909,0.1497720026317902,0.06138854365435898,0.053934930935997,0.0467849913800619,0.09210586239776983,0.02876183363936945,0.022830334431046952,0.024377620163968775,0.06375387822615024,0.027534215541759492,0.06760590395272251,0.03175869161312873,0.044654329568239184,0.04965881250098987,0.08362753399284777,0.095064537198813,0.18045929038731542,0.07742636866024516,0.05724062617686016,0.07402171263292723,0.07893446440914917,0.018617726991693905,0.02890647759315991,0.06265851959387793,0.04411078779142847,0.03228675250295482,0.07981940539048916,0.029389907233486164,0.009516131839307756,0.033645892459230616,0.08575129503226744,0.1959334834746338,0.1268531290522681,0.028271928368100656,0.19137015999674986,0.18900993533634342,0.11473318838312373,0.16786559473052495,0.21046206983561314,0.21046206983561314,0.16665747291286126,0.018139831787682623,0.014123614594432744,0.02176432073589372,0.001227211329926677,0.017656742206637772,0.022314291565439758,0.06957447964996122,0.007003576982185258,0.0377844207981294,0.09291946208208947,0.034030691929709936,0.007622910381589208,0.06267620414354758,0.03882472576476148,0.010523057690129452,0.012524723558440117,0
0.1982796174302315,0.011311247117316195,0.027987950655958126,0.01545368898835919,0.21000713405103716,0.016170038238661158,0.01725995529462919,0.018180637933686353,0.19886942808736566,0.013198622276194406,0.0042522916466699095,0.006060034273392611,0.14374225361861417,0.015206600798293106,0.004297558942112129,0.010377125712228737,0.047863091787161624,0.017321435405590162,0.03315505496662116,0.016729895010957212,0.014823782349422845,0.0287532022033841,0.04726889073853622,0.07072354641178438,0.016432638621152525,0.03390512342597242,0.03045790576799621,0.02553233708679436,0.009960793405499107,0.02187596750766777,0.019938115396580424,0.06461992495148687,0.21000713405103716,0.21000713405103716,0.21000713405103716,0.17925138031330998,0.0009932214879099974,0.04590289870837313,0.11397017293533564,0.11294639853080582,0.011152488065047553,0.12850046959104558,0.18794297509814872,0.11913435881910657,0.0081744461935571,0.08118395244074657,0.10035256723922688,0.06262195351902342,0.012489489110501923,0.033688529995661035,0.026543785367516,0.05528741121569677,0.0003137882884805877,0.08220839171006214,0.12966589267926037,0.05025286817476989,0.006384290962555278,0.03143122247738438,0.05100149010272485,0.057529474929998006,0.00339936524759836,0.02898128449811875,0.0397099744443377,0.03379517434873268,0.00840238499271499,0.03632468570066104,0.03232303164097028,0.15004119195727564,0.003794458783732284,0.044006442794176814,0.07651152341651708,0.14397484885843548,0.015835551458831778,0.01713868620048199,0.021655056505157137,0.10093555464016929,0.008080519653907495,0.027562981482437774,0.03828707140873442,0.11170421126092496,0.034863668998845625,0.13850765978391835,0.1260999590437404,0.11032978884122606,0.0361586140025719,0.06730509686448102,0.06259262236984817,0.04908389437283693,0.030168285924349322,0.09876634091230432,0.069246162082723,0.07862481040319473,0.017684750354489718,0.0441542753461263,0.043658273311277834,0.0441912588223396,0.022083811598917678,0.04311002574880639,0.18132081607779493,0.12149719491164515,0.04842273809552766,0.037712207838487416,0.08140751304091305,0.05983803305777869,0.038458371645050844,0.21000713405103716,0.21000713405103716,0.1833198162980542,0.15665394972057103,0.20180037180501084,0.21000713405103716,0.15723332799579526,0.015549553121908151,0.008979615457011836,0.06726886601874227,0.06828623737250995,0.050146008608704544,0.01445879878374972,0.03065966309623723,0.03665426698358982,0.038523822022460824,0.024164663406035704,0.02362813562436116,0.023551787118719497,0.06813927415894011,0.024118728183977967,0.017231211247504357,0.013184676848167478,0
0.20400670495481169,0.0038524266896885675,0.02131390963224646,0.003491224442048691,0.21628628301514657,0.004477236516428286,0.010421891719059054,0.005435617155091091,0.21628628301514657,0.006797882875368589,0.0010205858137594637,0.0016472460307038457,0.1749751623191077,0.007167472282798316,0.0006111250764169966,0.0010144907798112096,0.04133821337340442,0.0148514601378316,0.039889161902743026,0.011728159038383493,0.014490190210922125,0.0138921960493895,0.04176269840135895,0.010662471692730694,0.009355554519045333,0.012395201372019039,0.019067670936818482,0.011588695890963648,0.008546300708719166,0.04716898021741854,0.028977903836167992,0.008719669400132218,0.1998697852540177,0.21628628301514657,0.21628628301514657,0.1833620873875337,0.0012655946871908384,0.02290416810824317,0.15389147783095675,0.11801683892444888,0.00038989615691788145,0.03814446523170379,0.12142853368145062,0.09861388838985156,0.0022259027347920324,0.13542288380765463,0.20980513016197003,0.15287107620439677,0.010008250663344915,0.015917499289021902,0.016169822411972512,0.05908954443273188,0.002876301732615714,0.06888066779966688,0.10612443405307476,0.0784933171889058,0.0003233563813526366,0.014223735431814008,0.0628422574704282,0.05917148924139677,0.0013486849100524444,0.016933343857578265,0.01424091509017919,0.04225153271289431,0.0025540140458036103,0.029641572552270692,0.013239946447637088,0.1744327182575943,0.006726482859646182,0.050777978218384874,0.04697261329126706,0.14032241382455646,0.002544658817569133,0.009939220535786943,0.018142689145643563,0.1647528246247497,0.0056460836025779585,0.024865781382064956,0.0037160948783852977,0.12161934521911608,0.004228142767045659,0.0610238213759016,0.08469685615957252,0.12474746299634193,0.00541010164124826,0.04809336745664751,0.08672901912429887,0.07850879929134492,0.010472403044541289,0.08314292880231652,0.06934303753241754,0.07194646377276852,0.027728534187340285,0.09392249256306336,0.06302007054819514,0.07937706888719225,0.00688644967114166,0.016085275230763505,0.11175984715715198,0.08454440861829503,0.009842363828959585,0.011199946268965966,0.08342344934027343,0.06311940566892446,0.021290252971317262,0.10665549463817389,0.21628628301514657,0.11113932138503975,0.19482938319648965,0.21628628301514657,0.21628628301514657,0.21628628301514657,0.01765676075185425,0.00241276663232683,0.03974631258225176,0.019458481542818522,0.018349853800161364,0.002571281186224569,0.03323296239414198,0.022145876383845915,0.03510105845939857,0.018031103304134356,0.020623875851075953,0.013572949760185811,0.06439689536751235,0.019265490173952248,0.022144483430194966,0.016830736103124338,0
0.19106901925966177,0.012309734783165537,0.04964477969330788,0.004048030305073955,0.21180781311590346,0.010926437125363021,0.012648715754072346,0.005856838793242469,0.21180781311590346,0.007734319140513766,0.004145724086264863,0.00068909767921758,0.1448409795486152,0.002354022328495947,0.003716009899154117,0.0019983065160068753,0.035793487540880284,0.01685847263419955,0.04311936518240188,0.0071099698161538934,0.018755657176431427,0.02743272864811608,0.02864714242630678,0.022187423514715674,0.010785548143558438,0.014647433291038937,0.01790206589618159,0.007105305955329077,0.005466049073524446,0.014409541161609422,0.015297665268897873,0.010291881228052323,0.1971083581139655,0.21180781311590346,0.21180781311590346,0.1652043813171187,0.0031526386830057615,0.026793766518207463,0.08246889309573043,0.08064355173261654,0.00041183677200847587,0.04717123589487131,0.1651085650162252,0.1357426411179561,0.0008780016795909846,0.06423805547563433,0.14161932498513446,0.11122618135676793,0.018640901640773054,0.02578983810036601,0.0247984770045996,0.07337015856328664,0.005522733137734352,0.06700321514972432,0.21180781311590346,0.07609737037340991,0.0009772529326880681,0.022772727844054506,0.07738716422757849,0.0674135724087635,0.003281952826484003,0.03506308311969086,0.036543810800165936,0.042963208912220795,0.009692755541849342,0.040476208539091126,0.02135553351417977,0.17340112423618678,0.00782257991542924,0.041689390224683,0.0624390608482935,0.11597248306132042,0.008019702267384349,0.0225166696739749,0.022404704749329426,0.08030061206750382,0.016079189213109538,0.046032454032186365,0.04158729975105948,0.06906230906993487,0.033718760021007904,0.05228249348674345,0.08174939378708498,0.14668129532761065,0.009948772927659935,0.025907096427131664,0.07527041213251305,0.09618288648689746,0.01962430127653023,0.13836314080128304,0.13361395911458798,0.10672984719002457,0.02742557989616897,0.06573752178796763,0.059675264222174285,0.07315688691458719,0.0254761060906802,0.018966911551373318,0.16385069441401456,0.12554579928956291,0.014191096408412958,0.017406224590946307,0.10577037468067245,0.08322637068929296,0.026543292056982967,0.1551750153888736,0.21180781311590346,0.20623098740429174,0.1693010133384959,0.21180781311590346,0.21180781311590346,0.1619847245610451,0.017215296960379295,0.0053999905950242455,0.04975102723142014,0.02006117089785034,0.028228276524014613,0.006882982643077367,0.032155047540833995,0.018598325416159276,0.05040933647364337,0.022553704953158234,0.017560183908818378,0.010368984874711802,0.0595766972691966,0.021873465808570552,0.012951446432538205,0.009817530746756268,0
0.18608992972708135,0.012960669341571284,0.025414010114338192,0.006194867961255243,0.21033770936132065,0.016058641544125393,0.01310724797741004,0.009246202865215953,0.20973327143004045,0.005854489613130811,0.0029876584966943443,4.755073237366153e-05,0.13733181092167912,0.016459172656325426,0.0032929622363461926,0.004129295454695365,0.038121913462650724,0.015725724041678713,0.033045817918250356,0.011357078254712166,0.012243308435588032,0.004643647774732485,0.033169087228328654,0.017882156314546614,0.016265026566956792,0.03255201881730443,0.050244332142739066,0.007242624690737775,0.0075706968819752125,0.07931716770724163,0.05423728029032438,0.004635111861237908,0.19214975087978567,0.21033770936132065,0.21033770936132065,0.16073760262095327,0.0010186415840835942,0.007380389725644533,0.12189745279568273,0.08184889450922202,0.0008613933653978155,0.04073905149657151,0.17565235872880364,0.19059002840089506,0.001384042456365035,0.07087767674579527,0.13257658817652568,0.12103393797435985,0.010669636159894825,0.024898454759681096,0.021144351236998267,0.06411624292878357,0.0003781108986259676,0.04628461925644789,0.14205585561877127,0.07487997782562315,0.00036863382348783006,0.0067126850395783,0.033084515297466144,0.07947883730814445,0.002015782123167196,0.010153354857592445,0.009622006956028707,0.03619724700202756,0.0003013923985776458,0.0434199557305052,0.031542458475174055,0.14530366081258295,0.00125307154159884,0.05888251231250631,0.0833072509995572,0.10989499680197128,0.00964924552996298,0.020719353129961073,0.015272699459137487,0.07908296680571986,0.024505491785238562,0.03617436168574917,0.01806419522351946,0.06947933425424987,0.0013404041223224288,0.0512375137642114,0.09861390889283718,0.1462092545243168,0.0036408188672405286,0.054622664187183576,0.09926870683652357,0.11417399338680408,0.046898157027369325,0.17995606751410906,0.11672586699135187,0.07808514352456093,0.0649514743795074,0.1086138648677929,0.11727791844436049,0.06866731465239308,0.022459321584616672,0.0159846157891981,0.13507819530865706,0.10780501891135602,0.01713971650780619,0.04170023463996076,0.11898087138031657,0.08834969125360198,0.020183877374830687,0.13395127983889346,0.21033770936132065,0.1792980141582169,0.14470755739775584,0.1868925275882504,0.21033770936132065,0.21033770936132065,0.044745822619607856,0.013340989152186315,0.04706132027462087,0.02264637061819577,0.05203818665198159,0.024959336686853708,0.03534354538739401,0.023241331482869942,0.03244125258129143,0.020194624064119957,0.01515972020684727,0.02209629875305102,0.03314825237213479,0.015250456059503197,0.011839126073471377,0.03687362950832627,0
0.1983265982070359,0.009345785268130838,0.034916441747416344,0.002726133004375896,0.2151310637899517,0.004645217628408284,0.016941076520647944,0.004293690969097556,0.2151310637899517,0.0030650207238328083,0.0017632813783581914,0.0010510866405051978,0.17004979844174087,0.002584740654449526,0.0003314564003321228,0.0022839473763635425,0.04464237116910033,0.021370985335072118,0.03773116253187844,0.004424779695718122,0.024780802788233143,0.00941449862954884,0.034244435511847346,0.014982952408290763,0.016146532618666918,0.003874231968799236,0.014206910105363233,0.02033992227744815,0.014514384489665792,0.04591278077810001,0.0265578293231902,0.004847747304693309,0.19704624514727126,0.2151310637899517,0.2151310637899517,0.1620802020124091,0.005390354749537176,0.017462537798227623,0.0939239012047981,0.04854837175923211,0.002891821598913777,0.03223325544524603,0.08367247647613799,0.06876868026189589,0.007761520707039631,0.17671434207909387,0.18502113166545825,0.10021030095765862,0.014030435326796941,0.022139364754582096,0.021690031096580114,0.06438340277025599,0.0020449396239486093,0.06934873735803301,0.13887431010967313,0.07310942554143414,0.0020725220142239075,0.023584330862810726,0.11165775446932429,0.0680207119930577,0.007734847964983494,0.060402773052235056,0.04742473993615162,0.06314824701639636,0.003253171669233162,0.02979995912241125,0.025058468568020607,0.18163194909975874,0.0018312242051854895,0.09037961014671743,0.09411520425613404,0.10600650334882701,0.013764914655294332,0.020052011263570466,0.0425490512861812,0.11660406151704936,0.04438140663333788,0.04594954619385672,0.01999899099731762,0.05986799267490535,0.007312190130389951,0.041550803597753955,0.06774547809278955,0.12668877693915168,0.006102587458182097,0.03894458207565616,0.08405471303943017,0.10100437496265781,0.03894148337072505,0.08539469058092289,0.0728255076490875,0.07272671330022652,0.0415830537411189,0.07959326554303245,0.07117274612255725,0.07466223172853413,0.008859622813345996,0.028068975132626246,0.16467401014634522,0.10212105330118278,0.014700783256451652,0.02433700119992031,0.1399136195754636,0.09711884860726241,0.026632521981481822,0.19244884572083873,0.2151310637899517,0.14968305712960175,0.1756869137796635,0.2151310637899517,0.2151310637899517,0.1821726512026926,0.013858273750071391,0.005056652716542536,0.03628790341420963,0.007191937135461746,0.029326005630360284,0.005291296631972812,0.04568758009604106,0.009581437294959801,0.03777687378394407,0.03211055399338441,0.010171779827885603,0.003212321923203671,0.05027309185855022,0.01866662406376894,0.009824274132539414,0.007794472606863013,0
0.19313369249035697,0.018156189627340478,0.03274797832340392,0.004829217973117844,0.21167873324315475,0.03015187016132258,0.01451219339632512,0.0056968552994663135,0.21167873324315475,0.0200051624302007,0.006837252233093337,0.001093386453859198,0.16903301304633478,0.01786803994357191,0.0039678549795137755,0.0030421110617522497,0.04666902718234051,0.024711694715010394,0.05408944336986026,0.00874935619550644,0.011265812210253155,0.01922266775222853,0.016170371302295653,0.0193078824949464,0.021655673371785526,0.034439478468599335,0.02286267722639525,0.02575296144791656,0.02302819537024891,0.02262119292858402,0.011964578333466423,0.04280950676678986,0.20676539055851814,0.21167873324315475,0.21167873324315475,0.17369669272955604,0.00168167297837678,0.020499134330040903,0.09602650713829387,0.08330207418569838,0.012144442183082058,0.13766426981110017,0.18222136913642467,0.1254485799689198,0.008605107776393879,0.05944205689745311,0.08073360994225591,0.08210214617539505,0.009444044515463181,0.01946906315520832,0.0211017087584475,0.06891042182149144,0.005623481215173742,0.04522317778229654,0.1100508733018177,0.04056549658410979,0.0396794424590954,0.08719324117741163,0.10910331816067162,0.07972012649379442,0.024641891124529396,0.05290870574935946,0.10354573309267188,0.049510115912880175,0.0036575561136120674,0.014085358490598564,0.024154879528115757,0.1846856854573167,0.013851678582980847,0.03275941155656134,0.04810946464809746,0.1425053767344511,0.07069951933382979,0.022202045298747704,0.01622124782905244,0.08958986113026397,0.03513497205514812,0.012750241356759524,0.022447262975954736,0.1058215941261173,0.03835706642580681,0.1018448037933528,0.08208668319648159,0.09843799061671828,0.056168913194230986,0.04296570465942943,0.0752431243494732,0.08548682069539196,0.022598511417560772,0.0383714958314098,0.04791342330985598,0.06878903272772234,0.017302436979215782,0.032264852955088304,0.04635868315228474,0.05836708609965484,0.03941464394639369,0.0554170255533313,0.14303973130877282,0.10403682585675034,0.047112027376439124,0.0709223022894544,0.1288092274441138,0.08832154083148218,0.01693810542894582,0.21167873324315475,0.21167873324315475,0.1971288229469197,0.16727849772472825,0.21167873324315475,0.21167873324315475,0.15710054783298272,0.02484404474678144,0.00951120099364419,0.049302867957122,0.023743894053526796,0.02260588489838616,0.02987446354807602,0.05259445441944687,0.03267162804012275,0.013767680045082723,0.027647288219578875,0.019465704190730456,0.022899539552159454,0.032338417141849034,0.014693834004926958,0.014561463317609357,0.01178216029526277,0
0.19345451651111084,0.010375840065105755,0.04839462241498988,0.01380526255732903,0.2216592229991227,0.03489182027792976,0.04066990357225695,0.006413169242527102,0.2216592229991227,0.005741636656621924,0.012650679418264447,0.00311972575001429,0.19065358139631197,0.01517418990563909,0.00536529465519825,0.0002317602309855044,0.04274266831959909,0.02003874455609167,0.04714883146518347,0.009633231712604473,0.01753814575306305,0.01749621082568615,0.042238065871368975,0.005107041301787375,0.018460053670688273,0.01601428812285911,0.05309245528121067,0.034965242113305685,0.007698526178107571,0.01012035940215218,0.014098285703068335,0.012939579298768442,0.19934779800972763,0.2216592229991227,0.2216592229991227,0.16000112548945833,0.00559460646551698,0.01624233147675851,0.04476213254722441,0.013350666855251847,0.005184126780033729,0.03148545973777411,0.1461460164488742,0.06774823664855523,0.0004818914449335721,0.004146426016265179,0.024733372162758782,0.024122766801144113,0.011284773556632998,0.01568155330895101,0.014489525340396629,0.09070023862514243,0.018243937387396814,0.05336943066534916,0.029169498902137617,0.020416384654241712,0.022895457771333172,0.08254894624330125,0.118927887385067,0.1083393016446843,0.0022223444549797087,0.001805135957791112,0.018831363772867576,0.032520293856801746,0.0014313426057780967,0.013154267588082814,0.023867197102671434,0.2216592229991227,0.02422338724573526,0.053922322250792555,0.040352174030563244,0.1506820162276356,0.02512089303290929,0.05128731655264428,0.11524652445745127,0.15152189288048215,0.025717712679289025,0.011232305997374962,0.03325799909715719,0.0940178037388325,0.009066684211920866,0.06269963467676057,0.01936895514514991,0.04921503763589591,0.0225185284654195,0.12255119123339235,0.15541294856886267,0.2216592229991227,0.02213765911522891,0.04239850176679881,0.04898481867999271,0.0684539991878376,0.07763119542466117,0.14966903289399786,0.14232909022757642,0.12211667112167425,0.01111448362183578,0.020374239089727103,0.0348484982394596,0.011371454914195884,0.008882120518598317,0.03099731631151965,0.21940083435641036,0.12030757262695153,0.007819478241313753,0.022818161611131885,0.03975472338030106,0.023802164814537854,0.193204262683519,0.2216592229991227,0.2216592229991227,0.2216592229991227,0.025123151198536718,0.011852074140209007,0.03215043713889604,0.0075321581466802874,0.014200811626026384,0.010704958842433556,0.10235067120816706,0.02915884918074356,0.013767124020761384,0.0038960370459873547,0.02641703564503915,0.008035615260298614,0.04048113937455349,0.02193268387044924,0.029243611819650506,0.026168541140352962,0
0.17920296548188588,0.009778642325609899,0.015116886861566276,0.0014232669668510654,0.21216390768237162,0.008800644381681242,0.009606603535545419,0.0025020745842678155,0.21216390768237162,0.012035383401990535,0.0017490633120066995,0.002237796894658313,0.14442080251214495,0.00225812829968466,0.002850199238570997,0.0003416509374729355,0.05207795327494157,0.03922665134975155,0.04920805006913277,0.0062605105358954135,0.021955477388652448,0.016791795887887605,0.03582256869559492,0.01083260223129351,0.013689192068127737,0.019113217538458436,0.018591619577726527,0.010074662692411026,0.009625541144105961,0.04301840333534328,0.03448281933154804,0.011535152118394155,0.19021691459045525,0.21106256607075638,0.21216390768237162,0.16108317498453115,0.0026859932664929274,0.05390800130248135,0.15251427744047785,0.08539264262200275,0.003802112052318581,0.05847150713773959,0.12133631285835973,0.08363882929539504,0.020746984561304,0.15412030260599116,0.15456088308419105,0.10403788448252521,0.011232683453452144,0.026433767845174632,0.016210351087815572,0.05281403928713235,0.0017852217369244718,0.132862477214564,0.12441762693564114,0.08420503712989041,0.007255273333116241,0.027552972296343452,0.0632804861646268,0.04849204148155868,0.025411513053379915,0.04958149005204455,0.013853806193190404,0.03799397567577084,0.007111273964467804,0.05571495708760933,0.018129460694132703,0.13259355127463118,0.0015254963136725535,0.07729128380069956,0.042139909218092235,0.09107385097937253,0.013240494853772244,0.008126977872283062,0.018987780757425167,0.09600336516849471,0.04480019315842325,0.01737115158218823,0.0035489743535172817,0.057354093128463644,0.015358961298420844,0.07391404511816628,0.06698103873340056,0.10620602633591342,0.009968921613898798,0.056247149430804194,0.053367946480093464,0.06114498712992108,0.052471921617689335,0.14033808230822348,0.0874762896306768,0.06689453315450995,0.05292687511316072,0.0758891620755517,0.06878977435555679,0.06998230944041882,0.020393047240230243,0.06460692273440048,0.21216390768237162,0.1792548155653432,0.03342423337691505,0.05435246976198537,0.13158239426411952,0.09490117637781056,0.04787563563418533,0.21216390768237162,0.21216390768237162,0.10887703411971686,0.14667852115386934,0.21216390768237162,0.21216390768237162,0.21216390768237162,0.014362295090568508,0.008500028890180847,0.04390241136539837,0.00834621380486018,0.02518437569835755,0.009294248408583828,0.042164464543159426,0.008051007025498458,0.02696418337423904,0.02422174195680989,0.026032605962261732,0.012648081007914286,0.0293490627105688,0.011526427114379643,0.01700860780937114,0.015063450407849807,0
0.16953136121325077,0.010525176896727951,0.022563262300616595,0.004843066794678123,0.20807922073525115,0.004630036187686798,0.009941700772838185,0.00989259466976889,0.20702365919332966,0.0026973507245743006,0.0025101867294834023,0.0023761281495208466,0.16178980742850974,0.000817297244063989,0.0013711832248386338,0.0003610365011851503,0.04236521568320861,0.01961216278393151,0.02886991911637473,0.0060946450859807435,0.020667197061378345,0.019408344033107365,0.03394050134194418,0.03127622369977573,0.025263078631522193,0.016208278799062028,0.020186750730348785,0.01469238348548602,0.014194670363201023,0.04238897104012346,0.023929083804460242,0.006699417701981302,0.17536886134458676,0.20369087662934393,0.2089304921557396,0.1373966265133225,0.0038732823193777526,0.03827906263317073,0.15327204221280688,0.11396426077171787,0.007536053696265926,0.04147278487321346,0.13945808605240384,0.12213822588687372,0.01627573720654385,0.16711228616320364,0.21351450201364217,0.19468486044162095,0.010162986045164909,0.01986895035787685,0.015603673056878067,0.048933059910406106,0.0030700034750137228,0.0880194559721545,0.11240065202603185,0.0843758206772439,0.004089914915136882,0.02412045014900382,0.047874751201377005,0.06068736669431298,0.010071394499660742,0.03905931170606027,0.024921538899164725,0.047472138869055235,0.005438513628313207,0.03699254522676742,0.016774324112441816,0.13986077004394684,0.006390390674501886,0.07303529743618846,0.05389989218909921,0.10014536436770045,0.012016262710700176,0.014881201272852458,0.023182971613090905,0.09821790247125589,0.027729821048549912,0.047907861517615176,0.009006790680933914,0.05720574989601553,0.012575328966917244,0.08260102392059468,0.10151086425839516,0.09182218558465714,0.024636781095066704,0.060181563414089985,0.0748958092675363,0.057713435947474696,0.03585247957541237,0.13507218914843622,0.09786417785493223,0.04529263270272324,0.0736120825889436,0.11342133925637174,0.06530363943611892,0.0643111853323121,0.0049872632751872216,0.019373475066173772,0.1630293314068241,0.1165557379015111,0.02193055960497894,0.01978429015957514,0.08370889146092017,0.06544820282321342,0.014995884376172596,0.13660485074163953,0.21351450201364217,0.21351450201364217,0.15509798938702812,0.21351450201364217,0.21351450201364217,0.21351450201364217,0.009797500315987627,0.0043014260725792765,0.030528634320141582,0.03417742325172889,0.013793685136624049,0.003781811932393356,0.038893472081235156,0.030487695463311676,0.011330600931431473,0.00591609580169957,0.01021836725703358,0.03514831002988609,0.039355298503475654,0.007775629740023661,0.01734677071290932,0.02254375979401837,0
0.18049325129447194,0.01464191125280997,0.029045090950667048,0.004637101955380932,0.2087214750956647,0.010242113117759195,0.01046967034797707,0.00961169501581792,0.19218317872096402,0.010607184771019048,0.002120258567899182,0.004856012726728657,0.139102505923345,0.003399680890987068,0.0039595187351661836,0.002136983547495131,0.0397158328423128,0.023884493242236224,0.041325406688883945,0.008052279982331266,0.018867350223691726,0.022037846524913474,0.017100049744010307,0.023952062493084087,0.016094135220356715,0.01759068333832041,0.011525085225117254,0.0059015176154626516,0.011072583637819959,0.04710612061499702,0.04331353552535281,0.028197485062565277,0.185064886765375,0.2117146905298992,0.2117146905298992,0.13943279805809872,0.009385277840265051,0.048498695738320226,0.11439564530523354,0.05869307550747743,0.0032312195450938893,0.020729205560459915,0.10124116727483998,0.12040030985311387,0.025862573941586215,0.1982051595316533,0.2117146905298992,0.2117146905298992,0.01037312644816815,0.027227908607786785,0.028720844317765296,0.10127173273297434,0.0018972021272264778,0.08679637737023244,0.12381700010472992,0.06568767575437598,0.0022061784419046986,0.013663499736766218,0.0694535692171348,0.09481143695388258,0.015410485219139925,0.03521097414410689,0.027725661010046965,0.054072473912862136,0.007987139277147006,0.04763807975444257,0.014280824404651475,0.1431636610874739,0.006326512973288633,0.06893191285076075,0.04903162927252136,0.0904181068785535,0.009954807137993179,0.020960576690117572,0.02254717775569874,0.08790921521535872,0.04289335957535736,0.026873845854639446,0.004426736489494431,0.05973589264086233,0.019618002124632574,0.08892930382007441,0.055364761408619984,0.1105513638622685,0.03230557997543396,0.07636898784299273,0.06770783982559152,0.11621085587297983,0.05219187328769119,0.10602082888564625,0.04899942769589089,0.05414552209703952,0.07097979684348996,0.09256806447186121,0.03698442926802969,0.09510858279438711,0.02549704820187895,0.040798806135149815,0.15455897219613587,0.09411774449283603,0.03905211877887222,0.04608329717171525,0.15066148196824758,0.0940503983180751,0.034366159186830635,0.15829302245035184,0.2117146905298992,0.1670138196751991,0.13958204612660383,0.2117146905298992,0.2117146905298992,0.2117146905298992,0.01928567662815985,0.010272983524792332,0.04243780719161128,0.008850192669173855,0.02683096158308666,0.011886402948727304,0.05011258243069701,0.013265630720451739,0.027477748315450013,0.024992355712327993,0.01894599742798848,0.0093005856709195,0.03375349031402017,0.02251081075726134,0.03606994639190718,0.015019785470233868,0
0.1982058735588475,0.035359421620161244,0.04219663827316864,0.0014607797494387684,0.2091268061123738,0.04183632463161224,0.016582001549038952,0.005078676157634833,0.2091268061123738,0.025710686790527036,0.002536494591532413,0.0008398118409826333,0.1633715577881019,0.010959318445727843,0.0017932338444496387,0.00013508037923291744,0.049813854401696195,0.028064490214569294,0.029064141786981846,0.005663048419231326,0.015922293008531,0.06372904443574867,0.01061786847851113,0.01333360246118912,0.02109736918818552,0.03664818876610906,0.017909529702043833,0.012097191828944387,0.04317984530295567,0.07931201119282594,0.015600924134838299,0.016666129248004254,0.20885178181512415,0.2091268061123738,0.2091268061123738,0.14671877241968442,0.0016925981289026017,0.0234117171021026,0.08013511644278136,0.07058080330431347,0.011476405019303873,0.07447505505852856,0.10228330626075152,0.06395128234926639,0.0306197519454515,0.17470768924928234,0.2091268061123738,0.17210331920570807,0.00942276220960309,0.015739368374463495,0.017521285903978168,0.044718117257268,0.000981039964363901,0.04704292995566872,0.10073147449654381,0.04014274080884117,0.01117322227235183,0.0259009151383952,0.06110039045036264,0.045957865500548846,0.017826258253928723,0.0918353644439655,0.09532002107441918,0.05631221781714327,0.003702512711514163,0.012274978940639563,0.031161824386560313,0.19002433335022637,0.023036562228109608,0.03448590585852675,0.03560095289015649,0.12615165667993142,0.059472189779902145,0.021488574513845657,0.014637554908582538,0.0859872879107781,0.06223001450744602,0.029689642586881587,0.004656843300899004,0.07342010968036315,0.04739309379195836,0.1513558016835366,0.06601692619918613,0.07455978505268086,0.10225750882156273,0.09886282560474831,0.0904939736407386,0.11198186409934674,0.07270577354244444,0.14212808633733667,0.10656927177812492,0.08085693977752137,0.04390946500180499,0.048039598887157385,0.036419213622142343,0.04477701626023708,0.01175918962495433,0.03209437821413467,0.07167019049797112,0.04534440781354723,0.02543810001955994,0.029449478224668823,0.1392181626569901,0.09368946258653615,0.019445612926710407,0.1920933802372747,0.2091268061123738,0.13816664358118588,0.15841027569923005,0.2091268061123738,0.2091268061123738,0.1543721668564563,0.012003784651814476,0.008474014256365453,0.0177804045986981,0.007266092110956437,0.017760900345203563,0.010394131811945354,0.04377420819937241,0.0195799731494982,0.019953918107861013,0.03917391400692575,0.01077818698793644,0.007069741796407931,0.03957913174691384,0.021748920947864844,0.014219851097164976,0.006619984716026347,0
0.18924335303390039,0.005655866510302882,0.02234205676826997,0.0026176233974082542,0.21254230921118236,0.005109586782976741,0.011038642675057825,0.002277380222839421,0.21254230921118236,0.008785503982982529,0.004962086924044041,0.00213424591336405,0.1589394170436331,0.013063697457915944,0.005492224550513299,0.0001309294069978466,0.04008996902221136,0.038626701859596775,0.06824860846963264,0.014992175024038119,0.010040571744901172,0.018658429024505888,0.036302641656643216,0.006283326874579618,0.019796209804371485,0.029275859238630592,0.03163959517809991,0.020627763931715754,0.03970713885679734,0.10984485041317393,0.02931818496812292,0.00426938102379068,0.1919462601811135,0.21254230921118236,0.21254230921118236,0.14791866799897585,0.004914756149056381,0.017124026252335084,0.06430330180779077,0.03356307396658761,0.0030815600883540473,0.061067924610228544,0.2073572324519942,0.16341398874708107,0.017190464061203642,0.142721269822818,0.19452901263206107,0.14465401993824167,0.014916047982184249,0.020896980806963134,0.024382898801985103,0.09830831175047289,0.007333941196533687,0.07578110743539278,0.0727529553578996,0.06995383024113792,0.0015691415059396082,0.02564040824831923,0.07577411758488567,0.09752770455995374,0.006487759675342429,0.013070257395471572,0.013733575473726549,0.04010762187808996,0.005200403224255997,0.04717642331651794,0.009579783681685553,0.1589022578575736,0.008386410792927556,0.07736356212153735,0.0416432444643402,0.10338798372000473,0.01741391635597675,0.02806688331341446,0.026080310801284583,0.11019275851999374,0.048297097164053095,0.030697601996933978,0.00712884193187072,0.09210380960075308,0.013016276974204407,0.07287936752964029,0.05689059894852087,0.07572890773954104,0.011794339127252659,0.05923189427659432,0.09303192002858286,0.11367593844637719,0.07669876817590904,0.10571505970472354,0.049793237699089304,0.09118487195330607,0.08301474755607546,0.0723997560159843,0.10399231081268598,0.0756154665132221,0.0158370740870277,0.023005892292511255,0.09065704524405932,0.06616930717174861,0.010448102405226587,0.041790754345188565,0.14475559969694185,0.09737874363233907,0.03477277911639008,0.1695512236042109,0.20239619503837447,0.12273790964610168,0.14495914721806377,0.21254230921118236,0.21254230921118236,0.21254230921118236,0.01482622136055716,0.0036934083156677498,0.023314896233837205,0.004407608430462157,0.034685236943220774,0.0056780620623708335,0.028641300173159898,0.010094383941019186,0.0513913644657093,0.04493484320567463,0.02540514905764998,0.016187747351221554,0.03895100482731371,0.03189225281985771,0.017718727090732748,0.026397320297819455,0
0.16696312582752026,0.0026772528040143947,0.015389002446635262,0.02808452188414893,0.20613232944094537,0.003711269308592961,0.008629751263872968,0.015326932283127957,0.18882336890340473,0.004580707552717101,0.002747755151285278,0.0012588674978347113,0.1400244078158335,0.004331436137473496,0.0017722801754636028,0.0059400118363880485,0.06667332613289148,0.02492208308256255,0.039987956083421365,0.014689482259862812,0.013687031977399648,0.004594804684339709,0.033898237472616256,0.020511944338178385,0.00800048218311063,0.05179216739829456,0.052276124019758466,0.007843604489580849,0.00713331194587199,0.03132846710907132,0.01996522367352852,0.023398997901678716,0.18375045261054135,0.20613232944094537,0.20613232944094537,0.1480288972411166,0.002411029537369638,0.026330116436183038,0.13875425077596673,0.14250873789492097,0.0051600537485339505,0.08666126492208566,0.20613232944094537,0.20613232944094537,0.00727304946364186,0.07279139952383717,0.08198553950975554,0.08549239821324314,0.012834933174330918,0.03687179670366609,0.04740991857269553,0.07114162423149643,0.0007320023994658145,0.04776424647962484,0.14110025877233062,0.09460336505483312,0.006352358513264859,0.029607634730473297,0.0191258136004209,0.06973814575545859,0.00613708849400984,0.05127347322917596,0.06512716821154294,0.0273498995089416,0.0009457781573892052,0.11249420262941416,0.07477568956201672,0.10272542842293629,0.0010072695760673222,0.07199063238957279,0.059182709410874314,0.1009303834705487,0.01964331359671467,0.02858508362180317,0.006016521307775753,0.08127346589273525,0.01401435003326118,0.0326800015972376,0.021251315674019913,0.09542948142233004,0.0011113195242909357,0.03921344829046825,0.10035286314436395,0.13344535698584176,0.008455062235749612,0.040292213492212556,0.05450252214797077,0.03699809241045763,0.03156383631326201,0.17260641773704075,0.12096532222883977,0.0635914922302409,0.017133584696517774,0.036211614324196374,0.03408755242825442,0.047153152117715584,0.0009991329407018602,0.020787042115952135,0.20613232944094537,0.13860793578877742,0.01818148533677567,0.025977536489393098,0.10562950737872537,0.09689774286486162,0.032267469265651993,0.18410455641412532,0.20613232944094537,0.20613232944094537,0.15157975565460813,0.1922070310707166,0.20613232944094537,0.1723603394213381,0.008397491388605165,0.007902285356130957,0.08472189766719844,0.05992657137289056,0.03728111231229196,0.010859343329437079,0.01459471285271111,0.02484883188430816,0.033696782270874664,0.01097816630866295,0.011956219103892595,0.025911803893281973,0.04871601420578815,0.012483608251568072,0.014805941486902927,0.011169678083836941,0
0.19611781949864382,0.009027014536315346,0.055778286216838203,0.008629880217480682,0.20793811838918816,0.03242560303850318,0.011099010614252917,0.012033922041653818,0.20793811838918816,0.018946611107403834,0.001444827556123452,0.0015281368143186863,0.17501542603718823,0.016296638272698092,0.001120963118161074,0.0012184892172913849,0.0527405222329628,0.023346079166983023,0.04561295823540256,0.013032015595625467,0.01956102735142484,0.07925765022811875,0.022368951199554742,0.037546254166796016,0.03252100766281523,0.031134956726492354,0.01404936759277049,0.012143644243440164,0.024828914332066382,0.028073789627971656,0.006746478895065664,0.04514584453347855,0.1868694568990592,0.20793811838918816,0.20793811838918816,0.15352635650730126,0.0035282596324312044,0.012221308142354947,0.07411370175792116,0.07129549071492944,0.02364582164431404,0.14499243188419486,0.158668483891679,0.11407889834401849,0.012614790212795622,0.06486175353770106,0.16184808697267772,0.14195692307793611,0.005630558683768639,0.023430109012356894,0.037529329413573925,0.07449556674588044,0.00197397851078897,0.03148877254809373,0.1565689158266721,0.06245429587934838,0.015365791106166577,0.06147667753272238,0.08348874273522586,0.05885081698526096,0.006611686457414584,0.07163159218372342,0.14604453718160873,0.052732244220103086,0.0012798577078371573,0.011945582305329697,0.03996603888895088,0.1972978299523637,0.004254122439153015,0.01855692094104122,0.049519534874385526,0.1510529457879719,0.02211400572877158,0.027516308287751,0.016282203170834574,0.08422836763342097,0.011996105756034024,0.020104062499134913,0.014294880934440724,0.09281705603904725,0.027872192903600195,0.0939462918790715,0.07052398122794383,0.07274978132018502,0.05060109739705906,0.04709300692154224,0.0663985980689217,0.060569425665317124,0.036347176088608844,0.08752237981859222,0.0850635989888734,0.0885487943725812,0.016460960866352563,0.012774643930106664,0.04374969308386901,0.059512373044454,0.02574659443101308,0.0459416693024566,0.11323135843802272,0.08637581451577953,0.04158835055757898,0.06519447769940769,0.15679848316689787,0.10263544891781802,0.018744868165699306,0.1983805309480274,0.20793811838918816,0.17248694741527998,0.16656576313643706,0.20793811838918816,0.20793811838918816,0.14505576916298657,0.013480841830166158,0.0047872920875855485,0.041328307945969985,0.022282248426244617,0.017127299633691886,0.014228534525523893,0.027729676582723167,0.03191317372318988,0.019018238314949552,0.02039177558310386,0.025991813759169813,0.040287234487103585,0.0700416794394446,0.01893349433856151,0.01376374416472395,0.00696779639473165,0
0.19003879928028128,0.0056218913131933345,0.020959134248915542,0.0036780296411818964,0.2076761114204191,0.005721278908446311,0.008846373450880195,0.005787490293285566,0.2076761114204191,0.017693331185953145,0.0029750102154911134,0.0003665081165476235,0.16142873848109668,0.013991224270350676,0.00024389971794827123,0.0007695279558313522,0.042179743121558845,0.013609300675541164,0.0370586525387941,0.012576815650255181,0.015115532326476418,0.014026404833099354,0.05646625246971381,0.031122548292421552,0.010625688814607251,0.0407685222995002,0.04363027504138873,0.019128382691657432,0.013223529245344928,0.03560351351146887,0.03225310185195926,0.012200892988403742,0.19494672803459215,0.2076761114204191,0.2076761114204191,0.16138322444606615,0.003809725195747213,0.021257137057490723,0.15117894961279404,0.07376577221434714,0.002299377128691194,0.07178324714148947,0.1718699068431089,0.14340120050490995,0.00472366803692524,0.11394886704743912,0.13617851559184152,0.09840362333955226,0.013439685632888925,0.026374317125797967,0.015407404496002686,0.0625133530631941,0.0013554550906985244,0.07188751112180951,0.13666183032532825,0.12309708141976226,0.006606696044798317,0.022949665452910842,0.06150422486010304,0.08544241523714638,0.007987618295174359,0.02936041137131529,0.02427403734609339,0.03516488310300852,0.008231307732622102,0.042781717661157966,0.01586599888083083,0.1430132254897955,0.006342042928321045,0.053396699239197695,0.058425830262623525,0.09927549330344325,0.022003941810456906,0.01933870200207715,0.008262629496386445,0.08602795804147449,0.0301150414212488,0.02079951485818674,0.008464397534107838,0.10229091360083178,0.011098848873165736,0.0708980185933892,0.10400939959690503,0.08867442161396435,0.0357795727122409,0.07866309683182882,0.11131977501590726,0.059739803099752735,0.04428523017534752,0.14562861522426007,0.12237572354535832,0.07966824973321288,0.02641832455380696,0.06831898462322168,0.13333491230547453,0.05377636932172901,0.010483808227085594,0.01674468186929385,0.15212858791973963,0.16379928211364442,0.018555339013844253,0.027328231744538817,0.11534391272364516,0.10489972738422552,0.026715280458501665,0.12164224351903732,0.2076761114204191,0.17404568025555986,0.1663052353494037,0.2076761114204191,0.2076761114204191,0.1915122399144777,0.023503019670754927,0.0045161662303335225,0.031074722257486285,0.02007451900660644,0.024237849019219066,0.005219844758438099,0.02806824358767555,0.02428631235271416,0.021255993015248626,0.011333550832343713,0.013132336035396165,0.007390688811861859,0.04410553870788117,0.016955362761414603,0.012872210967957915,0.04994380336186684,0
0.18187640848820993,0.01989876477223235,0.03217404605192473,0.01987744753316616,0.20921439722789295,0.022014689933716424,0.01652921264363114,0.025267050368347446,0.19088405174820292,0.010009323348480119,0.00402595835118791,0.0012531712884285451,0.1352788367702815,0.0030160382566085464,0.0021519831101325907,0.009497039319468306,0.03864771392391217,0.031453623599089396,0.0572831482140839,0.01062493117334939,0.0107134746969549,0.03850818227673175,0.05719742974621759,0.04515489126877901,0.01786565943081529,0.03357682861588429,0.02667403807780535,0.01559125399211514,0.007631393449056508,0.017334489007190566,0.012196672585544866,0.008616108811696239,0.18662619594074792,0.20971045448837622,0.20971045448837622,0.14210570145969517,0.0005510376676588845,0.0385577910027172,0.12828101697722177,0.10338057647147726,0.025589417104869353,0.14338090877705173,0.20971045448837622,0.14855460281997776,0.017668153087770436,0.08448154316512307,0.11231162509446246,0.06989964277606123,0.010253733896951889,0.021488689656873956,0.030331113265179354,0.08214629023747383,0.000633414176243936,0.060212867687099096,0.1229741568955541,0.09110334071904674,0.023202151858896368,0.03236775936202892,0.0421826815455976,0.06903726273308332,0.010239273512760964,0.03582004346522857,0.029439428551177333,0.037190174737604935,0.004487977478657005,0.03126193881107242,0.035553091368672005,0.14853917436385786,0.010175608212759514,0.0391612464999737,0.09130920196021113,0.12000472927945999,0.04737008358260738,0.017051585525348342,0.025687344681928348,0.08497924993192767,0.016500809662788784,0.04894196120168285,0.024382400543605222,0.0841439261668379,0.03215781323218976,0.14840679859638797,0.12340754801301655,0.09859148995165565,0.06611408800962876,0.07876103704489341,0.06788366536543582,0.04761798677929843,0.052551252078264866,0.10455278509456405,0.08037992896425952,0.0668611374664588,0.0221082368225858,0.05231512347249561,0.04128186737422289,0.054288925801638896,0.018208633968263954,0.033801867083350666,0.20971045448837622,0.10898514632854664,0.025368127396183923,0.03660151065009473,0.11362038535765077,0.07158522214251399,0.04018443267945362,0.20971045448837622,0.20971045448837622,0.19999016705882597,0.14762408689112885,0.18258608116301642,0.20971045448837622,0.1495201017356064,0.016852425048264945,0.005968900396409865,0.0470884520677418,0.0757335937300726,0.016207437624778293,0.012259016774330087,0.03155755412320126,0.05388148348511855,0.018676423560553494,0.033024138395423404,0.03284585690047307,0.04486505027447931,0.06281867397182296,0.013615166906410979,0.02842401893170955,0.021748902147721762,0
0.19637320169760875,0.01391920001551058,0.01801129279176444,0.004823040975170626,0.20875697476301586,0.01217528228098476,0.006930895345490615,0.014471319721909856,0.20875697476301586,0.00566010889598505,0.0033204595124383426,0.008260680430221967,0.1559648020123875,0.012715710377930109,0.0021327598355667067,0.011046170767771604,0.04493552972291742,0.025531752371880618,0.020901641554555078,0.01751224000749079,0.017661692053427738,0.037824559778952015,0.015488068534767203,0.059363073488204535,0.016787525809201478,0.022615000953263166,0.01202148685741723,0.018654474324713802,0.013532525956708057,0.021082871098329355,0.008706359104864739,0.046375109855195065,0.20333332745124932,0.20875697476301586,0.20875697476301586,0.15981020251723324,0.004490256528066207,0.016146182215321648,0.047192409990594555,0.051481886259976836,0.029987459088633022,0.20406413427568568,0.20875697476301586,0.1437305234683199,0.004226079735329556,0.04896058026248081,0.20875697476301586,0.16294443370054326,0.011763913148456791,0.03414341679159335,0.03313738906611653,0.04539780201332495,0.008744415716735234,0.057038105284333604,0.10527149385150818,0.021216908652540178,0.031024950565806054,0.07388559323471405,0.05768251976449155,0.05217334548559491,0.002032319444383007,0.05840409607152102,0.0934780123633971,0.03358050985255543,0.0030416780319721787,0.02044850839370111,0.03188721585803466,0.15287270000291053,0.012201780689843811,0.04277335278140925,0.0520708814594832,0.1302250948030559,0.049513913240860206,0.04444992311857577,0.019691526890821515,0.10087691895296674,0.003380450950659778,0.01826851642820669,0.021520835271546464,0.12279457455107125,0.046534939215662055,0.11840146316544148,0.10072926902094624,0.08472981853322901,0.06744149544121378,0.06923294331268585,0.09291330842633698,0.05077155936217544,0.026615858474374244,0.044940282154474036,0.07076984080307974,0.05618051680190954,0.005316059730768829,0.010257439684513798,0.030662117671104872,0.041517077989103965,0.031813327174829965,0.051741912471653086,0.1731368129753626,0.08277048949797523,0.04316026363628365,0.12337854686921147,0.11514654994853288,0.08175457225215309,0.02463110373054427,0.15176937903512103,0.17979525820085837,0.1047734009079738,0.15670106254454313,0.20875697476301586,0.20875697476301586,0.18005441580058554,0.01370622058138581,0.01450180761528288,0.03739084959485701,0.04048958333076307,0.017830993535494798,0.027272896121323994,0.020419491594549328,0.044314867355825245,0.019544545691738625,0.024879181975783742,0.014754376659516188,0.023107739321862525,0.09497846932323518,0.018862125517434027,0.012523538915283017,0.007961619879692426,0
0.20360699238301824,0.0069558246498514255,0.023788070314875127,0.009391890408301861,0.21186375511928543,0.010646459908755089,0.01206766456978113,0.004982041969711749,0.21186375511928543,0.004479417040224291,0.002817909249273251,0.000792876111734843,0.17557717849705787,0.0005033350955867714,0.0016135037091303142,0.0006775473540479108,0.042631465337632506,0.015616322444482298,0.030589884703072636,0.008329945878009754,0.01237665171016692,0.008433526398568904,0.023114087179659557,0.011053679772658984,0.014036161448144688,0.008899547476947408,0.02621260343958116,0.030016601584755487,0.007562544065826496,0.02181758557700113,0.041755320294347927,0.019652094282005414,0.1933182378628521,0.21186375511928543,0.21186375511928543,0.1511576273412811,0.0008079462933972225,0.012609906831771496,0.11772808268185495,0.07748961970546879,0.0007577156885865388,0.015233852656867974,0.08186533721900766,0.09416917892700981,0.0030729268674748868,0.17167335910778503,0.21186375511928543,0.15773319280394074,0.009064729741926097,0.019594072212379382,0.01751537092974153,0.08612317871540726,0.00024456545444957414,0.04317386022765427,0.10454421382008673,0.06292552960401908,0.0010145428189918843,0.011539264145429787,0.056738278656305055,0.07093059943817474,0.00951335650733888,0.04547832391610309,0.02692261758102309,0.035915398201233656,0.0016099187959235939,0.03350983495090309,0.011624949504694743,0.17680129852738158,0.0016196329754910484,0.05841362008799443,0.0906898287873097,0.1145166415338442,0.012103159585463097,0.021773889877234866,0.03753897953624983,0.12635434033264992,0.041554224334958714,0.05656869298708096,0.0014637658668322955,0.08577983967389502,0.0027033280811603207,0.03829932779511923,0.07693289533576625,0.11130464352754793,0.0019778484127119995,0.04964084240584694,0.14669930985937885,0.127953923020105,0.024933460455908215,0.157871597049577,0.11453464134227286,0.05961802412106491,0.032513994663979896,0.10553034228070828,0.06222698239581471,0.06455688675235059,0.010389154494046284,0.005969851825263991,0.08073160234694142,0.09072616028350754,0.004821445902858147,0.01925322380243951,0.14253070472112275,0.10882228155494687,0.012553115611044266,0.11583442843687987,0.19604477542274035,0.15205770946588518,0.17551274151902044,0.21186375511928543,0.21186375511928543,0.20815799455820075,0.022873203516711862,0.0032882289794874562,0.014772022174250292,0.008030436251164199,0.03924717724673134,0.008432434791205786,0.025539594636573834,0.01635008712054513,0.04144692058639981,0.015091548503637059,0.00982927713126002,0.008225602416635116,0.05882635530438034,0.013370575404579286,0.008412053486573322,0.009275961797734522,0
0.17904289579661947,0.004780885189987147,0.011185009291846754,0.0011620820992397649,0.21248477470718927,0.007889767646083085,0.013749238801321092,0.003457716272210769,0.21248477470718927,0.00687625923001089,0.0020460953751353767,0.0009211624349031604,0.16940158603174355,0.0012780444116171612,0.0009229542697841566,0.000305874609300816,0.037577926182294906,0.028029021953976246,0.05775167957388962,0.005273655197370878,0.02093809755069234,0.016153631149991,0.03450977099857842,0.010057500434196983,0.01637355589641866,0.01924458521562266,0.030134698885728464,0.009982011364210371,0.008830985801213052,0.039901961957035284,0.0485373326775907,0.010191401330412742,0.18799050182443014,0.21248477470718927,0.21248477470718927,0.16634616793561394,0.007044942896920698,0.03251133142206493,0.1512997344908394,0.07553515098277078,0.003918171410576684,0.02499135742822682,0.10652070530570881,0.10132111793342673,0.0028233357563195696,0.13650787588785926,0.21248477470718927,0.21016751749498866,0.014648917978545022,0.022323873649394275,0.015747046759310962,0.054133642978782696,0.0036241318441246687,0.08553304898275794,0.10366463976581104,0.08196188920947069,0.003889902854481052,0.01882936638200477,0.044673170508010396,0.058587032510656396,0.005273947353406085,0.03855373659129221,0.02372573418364779,0.04918786856288189,0.004526309580562805,0.03346376759016635,0.015592389494643718,0.1515342181851688,0.003000339521818489,0.06849263342463105,0.043759792213829814,0.10608817403123749,0.00737479573201879,0.025897367314850733,0.02742663781116159,0.11826925255591249,0.01682896596615165,0.05309876497413863,0.004733851208084534,0.06980728371883603,0.0036205900002597184,0.05733689495066217,0.06849292504596825,0.13235424603713106,0.006294820914098927,0.06274035782903367,0.07319325038710241,0.11637237460275644,0.023984514103655673,0.13043475994665193,0.11285696015647878,0.0651034761983155,0.03449910090056946,0.11879318178452661,0.06406181503323383,0.08218637431316564,0.02323098632369451,0.030533120967839705,0.16239347411755664,0.08310061243421259,0.01138433081411717,0.030715291503637263,0.11054806896556685,0.0710817077167458,0.012120106108706714,0.0910918635156945,0.21248477470718927,0.1701825560095935,0.1611680258959452,0.21248477470718927,0.21248477470718927,0.21248477470718927,0.03028106532353132,0.006510353687596315,0.049495373440040305,0.008852698934428962,0.027768072898449014,0.006821539142334047,0.056965472866730725,0.01088091609965587,0.022706012460549128,0.010669272587306326,0.011110053133827682,0.020492606844274213,0.03973648857603359,0.009661561879972474,0.019118810642732385,0.014078681805979789,0
0.19911321426161604,0.02569149314171915,0.04389661970671069,0.004034379273294982,0.21026522335472275,0.03785373606966109,0.020668314833083564,0.013270546859956784,0.21026522335472275,0.024906119685591407,0.023972430053313485,0.0032597280316525256,0.16529488315970647,0.005812752463559863,0.01093482397936576,0.00011225838786804601,0.03961915645859985,0.03565320398656528,0.06359668525337848,0.006022552265711554,0.009872056823677741,0.04155689619566402,0.021349342688871578,0.03079325679807571,0.012344517285987906,0.031922005812889356,0.049230259001188215,0.010710764195204081,0.013465158255551992,0.0242082372374495,0.030735166041391235,0.0045375892880242024,0.21026522335472275,0.21026522335472275,0.21026522335472275,0.15887564806904356,0.00014603315155712346,0.014707938843556345,0.08909978262988584,0.07411511280888797,0.005726471816565584,0.09224204152478642,0.1385513812963466,0.12284119173858343,0.009170237158483002,0.09647475902394605,0.12170254221557926,0.10165041930814604,0.009665846339271396,0.023251476931559517,0.02163560183602439,0.08204794939118558,0.0011310673024775683,0.03135817963228564,0.10904317008342357,0.055933580019875376,0.026962133219200327,0.054775857386698254,0.06039495603580484,0.04895521311799174,0.044236204687148346,0.06508487932544244,0.02154229583546601,0.034061301649419846,0.0019083321218173017,0.041306425098159155,0.025319595840319356,0.17218040241971472,0.019976928914340122,0.04473393268929332,0.06488227115161935,0.12774919768938947,0.10347029382062396,0.03784599861878115,0.012992432965911278,0.10939406436125351,0.06447237732253241,0.040476874311990214,0.007675301958059456,0.09283929224179223,0.024231628620214787,0.1543406125985669,0.1053736830818637,0.08843797356807678,0.08030964133735564,0.11249520007854834,0.09484232712084908,0.0755824051320418,0.04206526750568348,0.08190550008094193,0.07559309424008288,0.06178367612536182,0.024088847816279266,0.040927436125942504,0.03885194445236586,0.07786438707669255,0.05199654248619772,0.03899192084016606,0.1470278649511357,0.1100319148416017,0.0489816749260358,0.0451976046171139,0.12708484706313133,0.10326279934440097,0.015459649241747676,0.21026522335472275,0.21026522335472275,0.102513238627882,0.16164022174349424,0.19998982669257187,0.21026522335472275,0.21026522335472275,0.028478326160002863,0.006637484378560483,0.032501456280379794,0.027490606971685955,0.019240502539435107,0.018188462887251455,0.03842780540303941,0.044071395934107076,0.012199103346028252,0.03989201417879677,0.0158333021473948,0.02002352393800656,0.03160459092499721,0.013513941139640287,0.025403828284559716,0.010938482602877239,0
0.2033797072770373,0.01399774535432939,0.04305612405758806,0.0032078388383563494,0.2169142140278044,0.02314974390104948,0.04113964118792225,0.007959263677537711,0.2169142140278044,0.0153276937233162,0.010464733986328453,0.004375373175523002,0.16937174480711462,0.013902288474213903,0.0010047707424916978,0.0002754627813371543,0.05969576003139274,0.04759243417609643,0.08932197971364039,0.008533938899142389,0.011041825967700437,0.03968720538736306,0.04533308403412985,0.00912663089849532,0.00835766806756521,0.0031442659071486893,0.012858539422844123,0.013194496202247864,0.014075395038957732,0.023143568039438154,0.009995500776997311,0.01570831003496054,0.2152893984366399,0.2169142140278044,0.2169142140278044,0.1759487843282141,0.0012506596464996553,0.022533243686321043,0.07513439424333265,0.03731555994662071,0.00017153960649370003,0.020511275365200247,0.07490264940228551,0.052081906048132,0.025941526044236062,0.1291716336284851,0.16809836168193554,0.13299911024662062,0.013523237376979807,0.019689985511945854,0.01402677503595253,0.07970474352990592,0.00411269085587737,0.05122829825782097,0.028898533281582813,0.02577496635537851,0.000438392636854327,0.04143442700408888,0.08641241928514465,0.05191354817836153,0.012768125992421105,0.014746305993779225,0.03166692857537507,0.03724122653787858,0.02496003255336026,0.051602982984006486,0.011689509905789371,0.2169142140278044,0.017997904234911086,0.08727701517566197,0.030940503146767682,0.13121243105748534,0.02314056356789058,0.04168695572708476,0.04330720473823392,0.1367126374436938,0.15890736733662636,0.017289898297238166,0.004295025747260931,0.06434979298751244,0.014163787585222706,0.06700505338370452,0.03070296442204022,0.05022939449078065,0.028903179129025378,0.12645093383894934,0.15345005706928738,0.18127294967827462,0.07718996353200311,0.08019745860372252,0.04188453453340607,0.055954921551036,0.0995132215318601,0.05756224955545988,0.052970308785313815,0.08199263727928557,0.009773935357247167,0.015034283098746083,0.05673580122931143,0.03811281220002214,0.03382231920255903,0.051897538808170086,0.2169142140278044,0.17209708157876127,0.05859629529507333,0.09716087943488178,0.08588674843249311,0.05570087773102592,0.1389253772827483,0.2169142140278044,0.2169142140278044,0.20991932332642949,0.011968203179035544,0.005351813334810622,0.008890212479573183,0.0013960621884500412,0.02535657014662128,0.0127017581289478,0.06982654613489397,0.015850350119270943,0.040531598649461036,0.04465808826904775,0.011524279897959374,0.00585088096479561,0.05798741542595762,0.06348854530941203,0.020358792916806045,0.011860081468965103,0
0.20637035912408241,0.011806940627112765,0.041567643723934136,0.005014173156435882,0.2147889638938973,0.0064057229429239256,0.011847527249415795,0.008700702616264903,0.2111236705276655,0.0019821526095904706,0.0019215874257314607,0.0010611432415479542,0.14349044000125852,0.013986067990350797,0.00176284888663351,0.0017578388450498797,0.044496415901582584,0.023657848687678916,0.04955069322140711,0.005563056997439408,0.009101362843467378,0.012408482468234843,0.0385914300461368,0.019360994606341265,0.007334062511101214,0.03616304597978315,0.02899596504062932,0.014574551975574666,0.009544805497360693,0.05730692779981125,0.026135151498450516,0.024566926552419547,0.20887635276401426,0.2147889638938973,0.2147889638938973,0.1706303318805025,0.00014514074266112873,0.013266489961561923,0.13455746674514635,0.07606960871082845,0.0028963674908116634,0.0621095999075727,0.1222776689579745,0.10311784666547415,0.008234939999884719,0.09024668470648517,0.08794425103263588,0.08166858935569113,0.008817229955475583,0.030195099259109563,0.02611692900263588,0.06299415055915672,0.0005234689727469134,0.06182867136169114,0.15814234020003531,0.12699350677574484,0.002283398934431183,0.007208230974720463,0.043546002529231034,0.06134563627905342,0.005954009890544952,0.03391390792941473,0.045698245701965616,0.03407757496900945,0.0029966325363418663,0.05430733973162069,0.037836406680569194,0.16996807936027714,0.004864080694656445,0.03864863122496232,0.0786260370332458,0.1252755564195017,0.020980486383952147,0.01809986047581063,0.028630726662259288,0.11079707983420267,0.03308595804275191,0.03913705101410883,0.026940669340351577,0.08422979437545529,0.008053361069668906,0.0847396819992161,0.13248659260874762,0.11788144905724503,0.023516168755648686,0.04474222492311081,0.09154556161272617,0.06320827932144392,0.09119315479321734,0.10742272688563188,0.06659504027001333,0.0883618360539355,0.053360952511120226,0.04970007751497921,0.04637707547150944,0.06005428624038391,0.011349157378797279,0.018842449595289766,0.1542627959501379,0.1416888533901134,0.03550676563201704,0.053649083854083415,0.08030368881315335,0.06516407668792254,0.05770788941678648,0.2147889638938973,0.2147889638938973,0.20034311624300727,0.15270714666185972,0.20616743553055242,0.2147889638938973,0.1760087237555605,0.018942257682397823,0.0035178393533182198,0.05128972329315757,0.0421122384633251,0.025755328255203387,0.015781192989777922,0.030854265653655656,0.03207319868752852,0.019961595537340632,0.025941696546703745,0.028149450330095645,0.008839661059626839,0.03927760165648619,0.014583706240001994,0.020913229684240083,0.014229144504405893,0
0.20407627857414098,0.0016681781808483291,0.015513294966077673,0.008808884069277241,0.21171049428402747,0.012134236798314376,0.00591430527440296,0.0030699663138000874,0.21171049428402747,0.003538768185197468,0.0005462742940301724,0.00021963492417308327,0.17372522432004292,0.01094068301937937,0.0018428528976341216,9.190941531893276e-06,0.040205369893544854,0.011453829693655397,0.028187655371635815,0.018906106659931157,0.009189221571507915,0.003562221080082361,0.009953498790917373,0.008550461570460185,0.012243016514070679,0.019639882974578325,0.019772437226069944,0.013052227915246193,0.011828108786721732,0.015542470666269818,0.006217844017926789,0.0053912208634419815,0.20996691012593668,0.21171049428402747,0.21171049428402747,0.21171049428402747,0.0040267831705082646,0.008385849332729184,0.08325227673996086,0.0813419042428539,0.01644318196440875,0.19873617371785496,0.21171049428402747,0.1748161805256821,0.0026207397963709973,0.025553206380279945,0.07138405922201681,0.07597027919208829,0.011199999415920925,0.02686874759139063,0.07340947537249813,0.07796549394316962,0.007235437295337668,0.015367874512247076,0.060444329562217985,0.07643843206314285,0.032580770146634526,0.0852609341776872,0.07688619882686555,0.05879171380994879,0.002123164308016928,0.01455494429560144,0.06688426346735256,0.05014818182424771,0.004710447990621551,0.022594296798054955,0.04797417777877688,0.10957464687238025,0.010798811215515155,0.011589014593318691,0.04125569923418585,0.16713612604499525,0.035094522477806596,0.02728199417947634,0.005467602053841288,0.12704729401350684,0.0027280086428913973,0.0030365807888445683,0.006830144675977892,0.16010301809902616,0.01808250841688813,0.05933252913241271,0.10455365600853697,0.15453318800891125,0.03938707508846832,0.044487971219898434,0.06414428175827072,0.04669998556764387,0.03039198499922874,0.034805649937500176,0.04151116456248715,0.04155316963277923,0.015016874968501714,0.010288587486624685,0.01186157526145312,0.03789876616275416,0.018935222165073873,0.01113026596780155,0.13548526615313847,0.13317493049712686,0.039635415002837696,0.11243303604151315,0.15231133743101105,0.12459702505916889,0.02199554412327444,0.1557497695976417,0.16709221722504036,0.1262905011565644,0.17970997444278602,0.21171049428402747,0.21171049428402747,0.1784954984272246,0.020377935711276454,0.001715479829538997,0.044898280975901685,0.03280233121115243,0.021047740446009364,0.028092747548566374,0.007855297439476553,0.00829484490268403,0.014978738446449475,0.024847178370587926,0.006053634943181997,0.00541706551936668,0.06534051335459493,0.024756506371386763,0.011917603941890542,0.005376058116475185,0
0.18679204094815774,0.008384465082296748,0.030107607635573498,0.0025433540895403897,0.2087781657817279,0.0045791162459238605,0.01560280048744271,0.004315011168786455,0.19024623135721253,0.0017454118721510492,0.0011371898864760688,6.045605376709185e-05,0.1423517311828997,0.003202874977524479,0.001112332217725757,6.878999791783957e-05,0.041370549387125345,0.01287625148939391,0.02762110114533203,0.006312205171723258,0.009265710676770369,0.011156717863045082,0.0357090995798628,0.01482852876944244,0.008443149060760038,0.025778806372597135,0.043682051798986946,0.005712138868472809,0.02993791341104853,0.0902864010330335,0.0387004361144158,0.014622839646447432,0.1977076164818681,0.2087781657817279,0.2087781657817279,0.17017579393870788,0.0012085260293659408,0.026384281276800953,0.13372778209144875,0.0695946967796922,0.003835341460685797,0.06649065545918639,0.12834150795625038,0.12671609323645727,0.02704143746440329,0.18867764952439536,0.1573546908147364,0.17140417170818112,0.009128401700425415,0.02153017808966141,0.018039275104210332,0.04796372490478757,0.00014285317183153134,0.0648002398909561,0.14448437115306517,0.09935192576541367,0.0024945608640622,0.010205328038477655,0.06125936474088962,0.06298283327170205,0.009665148831455177,0.032861355610921496,0.10902399723790168,0.056846740374333724,0.0008025077810909534,0.03356567447719489,0.022908529699709437,0.11724723505517196,0.0007457386793257627,0.032281739344507544,0.0431632126077171,0.10722239008941485,0.023107470127734783,0.008072556679209706,0.006336972682504516,0.07469139637597318,0.043800613317174275,0.01963805562295641,0.006948098333815232,0.07828973901702543,0.01709387811896695,0.11352797965722164,0.09309873475645401,0.15281799748139382,0.021428907545120352,0.05135656563997944,0.06943054616400114,0.06562150139073905,0.040436090349486996,0.11436823660330653,0.156692146754857,0.0770129333498095,0.03990455296101727,0.06327336265181598,0.03528862155708894,0.039606945572163356,0.02437754841117375,0.023082233221090587,0.15613555780149338,0.1147361985171278,0.037677453446030004,0.022393298524906905,0.08899960038541697,0.07685651411692888,0.043381241848584357,0.19235230242524415,0.2087781657817279,0.2087781657817279,0.1496151311283953,0.2087781657817279,0.2087781657817279,0.1500407835620944,0.02917377632237313,0.003930735110667199,0.05492768719958757,0.016529703149299756,0.025744687759442584,0.011813513640737775,0.028467903286154138,0.01324962817262763,0.02236865895812968,0.03927053758336005,0.010636985232109469,0.006968085775813567,0.03366456127300035,0.0134563811029818,0.00792943043066908,0.004972825106611062,0
0.19967632692949705,0.03235261511216564,0.03351291640320987,0.00045931372629923737,0.2181827018330424,0.09422305893930315,0.021987172475836515,0.0010060952143528526,0.21003770382946352,0.0524763997371892,0.002024266390902906,0.012875537296455523,0.16162495823981057,0.012391817203627576,0.002794305503106634,0.0014914806337901047,0.049252324796160526,0.02850021816125377,0.029932522504138477,0.004717541354887146,0.0403373883565446,0.1077090119276675,0.014293446908241646,0.0068367355397565555,0.08569596170021597,0.07751317615155891,0.00578395029891372,0.046696635598323696,0.024102211263601493,0.017269053008140602,0.011167724677887195,0.011028067201253555,0.2101854419443236,0.2181827018330424,0.2181827018330424,0.16660913509068026,0.008152201357507978,0.034680434632878926,0.037483916762777465,0.012416838290000107,0.023757149493179947,0.028201451662753133,0.08295890028932926,0.07171703138782198,0.03263743392298598,0.11513096766588107,0.13691767120883064,0.09533396145867475,0.011609895596126699,0.01578796222297457,0.024123676111999223,0.07500035598715417,0.00395128765199068,0.041414601143415455,0.043629999533161566,0.02218493129028432,0.010660121766169834,0.05851673864284222,0.13863303473139224,0.0665494454004995,0.01532380163282964,0.0147562929970327,0.030025916889695293,0.03427624604537185,0.00900370004884526,0.017020984762373025,0.013834519773002265,0.20132640864480106,0.03196905729135373,0.03267220265317163,0.009923018470153864,0.16036747032587326,0.045532746467209825,0.026542969493495137,0.0410395332463847,0.13750068421661815,0.03654106431634655,0.02643781318114906,0.010028730452122176,0.0725181256338191,0.035334991171525554,0.13658403650963596,0.0169888809575541,0.03365314710211365,0.211095068195809,0.19371191264911253,0.04866440943910944,0.1714780358825881,0.09922592476909009,0.030967403109622284,0.020438247549191296,0.05829057519186751,0.08533242095662658,0.10990904076099725,0.042457508974115904,0.08319816913236255,0.020871467186630653,0.04496821307575797,0.02874257039915886,0.006692029589501507,0.026773584967641085,0.0789879932108545,0.19380373848359617,0.0932423475053787,0.00805749182015959,0.07190687687292827,0.09411974407143193,0.06416537714519267,0.13289441999921645,0.2181827018330424,0.2181827018330424,0.2181827018330424,0.01593719813063626,0.009321663542994761,0.020198327638254993,0.0018278613864745842,0.01919042945246317,0.017705404053345204,0.08359038902942337,0.020295533698157366,0.019601100444076133,0.017802061029762315,0.02898846124096638,0.011026445015354719,0.034457238574764876,0.04421746471600447,0.02756851551580996,0.011060268016836607,0
0.20156083806131977,0.005713692702047933,0.03923270374079271,0.014648629267147429,0.20820533772438243,0.0010605249382460995,0.007069361546188198,0.008680801685329845,0.20820533772438243,0.0061326805951762665,0.005463939238088859,0.001187740199098348,0.12278171768572567,0.001270451312484501,0.0011357358556563734,0.0006224847550793739,0.05491291825490377,0.022655451444659757,0.05828474930048935,0.013918891018009295,0.014905365102532714,0.002489026939712672,0.01648470103053567,0.013336515096877612,0.006757564142240977,0.04491418261686374,0.05865475372240631,0.012767321825140746,0.001005514450205667,0.008565401270157823,0.01404861048567037,0.010531519462359694,0.2017632156036726,0.20820533772438243,0.20820533772438243,0.19825228832102315,0.001723903941989687,0.009911555188929937,0.10412346081152692,0.09417152963414743,0.00095514160889368,0.07585910606110953,0.20561260701419395,0.19599905034091333,0.0007625522647714249,0.031212483921530792,0.11418214453358093,0.09066452362872604,0.009223280473869125,0.040064331806134286,0.05332508926058601,0.08698366541963243,0.0011961597961797892,0.034331890891832785,0.07321436795359575,0.08163358800585531,0.0017716723452893353,0.027769103170561818,0.02524456159099943,0.055287867574891125,0.001916411613472675,0.0240432943694868,0.04490459699965926,0.048174347731648436,0.0026033222734233442,0.05430990307932997,0.04319204952756982,0.15817255498681784,0.006017596139049358,0.02529316287962192,0.029599128542324996,0.14232440065318214,0.02002221659851907,0.055324914148819175,0.00888571096245844,0.11803321565890763,0.008336674823520334,0.02275782968519064,0.01370386176656721,0.12465140267218833,0.003627417724099842,0.056963354974748255,0.10626695718524491,0.12254380029757501,0.01875386923222363,0.08997856017395336,0.11848975649741107,0.06754826805475214,0.039765111262960236,0.19060545621633473,0.0960410668438549,0.07163618769142091,0.008937925112938653,0.015148957261487891,0.025697483919218805,0.047331998575564034,0.003424825235420832,0.006964467017442263,0.1568512479693477,0.1225463422245362,0.021591979775340244,0.05265911486162442,0.1329127282816885,0.12020256784136456,0.029729014253810134,0.06725872118749134,0.15738952271585555,0.14815645200984628,0.14247617979807103,0.20290659426216537,0.20820533772438243,0.1860584278484732,0.013018301813489879,0.0038270729663472383,0.04185963505236847,0.03739774631572455,0.025681675111027872,0.005694164364082357,0.014677055660928692,0.028840022898473806,0.03733032662594283,0.006778749662787619,0.026445871169906893,0.014880977364839402,0.19841251592650513,0.02480208411086588,0.01718223032513602,0.005476785081522594,0
0.2069531781593706,0.01939455299821106,0.041432711733477165,0.001664324687695866,0.2110547876092199,0.00819133680449088,0.017268826067589865,0.00881975281762159,0.2110547876092199,0.004585024039945712,0.0007472810902534746,0.0030670433552322683,0.16427875727302063,0.018748497998373203,0.0008140557084340174,0.00028892634485325284,0.05266606044755695,0.02954855821738811,0.03374998278019555,0.004605057622020032,0.0162794913676248,0.028979665840327812,0.020093427379254084,0.013266259490657278,0.010425481850884157,0.01332964643038008,0.018896425992751528,0.015663973034247904,0.030000568762851183,0.04209717013805078,0.021388851535652457,0.005987963848736441,0.20295398899267508,0.2110547876092199,0.2110547876092199,0.16362122345936742,0.009729761484508702,0.028328277942129176,0.08286098185723577,0.03881964131795347,0.0015875905197829368,0.06274448897455448,0.14190173421638982,0.1259783670509762,0.007537310199729913,0.09042133412410798,0.1399083923674345,0.11272034523089873,0.010772727611745778,0.024323609368065897,0.031735371159562396,0.06614037385425013,0.009380381304234953,0.0730242662762874,0.19365200458186352,0.07086602092341919,0.004228450431870889,0.022862180673672263,0.08423761892318102,0.06528843879063913,0.01082768304363681,0.044043194543126676,0.06485946752408946,0.03729083397920723,0.006572019086924931,0.061936523714130956,0.03748704572895242,0.171582168747534,0.018797420413945595,0.056627544822780436,0.07050435426684967,0.12134994276206766,0.020880995613672727,0.0351106678644186,0.030560131377084975,0.08644703534350467,0.013161581801476545,0.02988139644686875,0.034745663165563406,0.08076212154068184,0.017989733785617894,0.07734156119777454,0.08319353051414244,0.09889510295250903,0.02014486557513668,0.05615850029765915,0.08809116038262252,0.11114960456973401,0.02230869854874164,0.13044384805125647,0.10483672726448305,0.09397535440010439,0.015296207105432795,0.06400060587015766,0.09316676905022195,0.07003289064620384,0.01571884267888952,0.037609229197018694,0.1307234209229836,0.08796977555463416,0.02100920564771853,0.044541394792929956,0.11539577304232576,0.08381526760154105,0.03607862988185224,0.15479243564971476,0.2110547876092199,0.14538514177830691,0.1666442405271172,0.2110547876092199,0.2110547876092199,0.2110547876092199,0.02307792305751307,0.01336109487292261,0.051783388469749614,0.01406396704084992,0.035964004700884115,0.014851531182982864,0.06577266517615729,0.026879710836320195,0.0925013898742045,0.01990964563412973,0.01498279553899708,0.010973557190293116,0.0735198530954184,0.016468454077491132,0.009091169423369797,0.04080716498189889,0
0.17698077712597252,0.05835245354964847,0.02422544028378035,0.003917164330714585,0.21204778118058434,0.031722299260075616,0.03146166231715914,0.020976503242089186,0.19822008270783367,0.015468852228436913,0.011063208927755233,0.005994361199384627,0.14891684761409898,0.007988066188711715,0.00016498385747659605,0.00018960512950797945,0.038047612804133504,0.05649217483321636,0.0580714672395792,0.0028785842550788287,0.016963947413282207,0.04358552788467937,0.049479222843147645,0.02921005269931708,0.021837484414897496,0.030108988568876133,0.0339214666352374,0.03612512449526974,0.021747438407073466,0.07742099596259767,0.03058062243839586,0.015473300922224743,0.17437346392180458,0.19592242434480514,0.21215724846343642,0.12864448470639336,0.0033313525075863264,0.046225167975950554,0.07946843001202282,0.08406925075844791,0.0029832426722497256,0.05746077486465123,0.10688525214446622,0.111753076376358,0.03720448032189443,0.18556561851193637,0.21215724846343642,0.1629240177028833,0.01936343105015755,0.015102500396575373,0.037279769323403676,0.09456530985415067,0.0036758062844024397,0.06187846539296497,0.06281087385201466,0.06100762903740822,0.0026983022738270223,0.05477687812892394,0.1053323096562025,0.04502656468792608,0.022134771376233556,0.013827314927307441,0.036156041913987594,0.06471451156823513,0.01820020714317559,0.04873030050352447,0.037984421328022266,0.20794831437346248,0.03610555997409101,0.08770612685825405,0.0664474907668608,0.14540460913655173,0.012362651483454565,0.0190045854657558,0.035887990220672565,0.11302998812595405,0.07902630755724807,0.014020160900273394,0.005773209350522719,0.062142535597832706,0.017675938810119366,0.05706137351310689,0.07586042173257164,0.06626249759058127,0.04718591682491156,0.11912298718348831,0.14224572419926504,0.06344126320245644,0.04701820633330316,0.06559285068450191,0.06150616692698581,0.05307749755549667,0.09447939350862292,0.08482729073776481,0.060896299949292326,0.07742538025732956,0.011356280331895579,0.04186255389547885,0.14998147226666103,0.05748695467496713,0.015271656029921117,0.05470875001732821,0.15021170808340373,0.09132827228333505,0.035952809045107614,0.15273183988580988,0.1474340011215491,0.1223264606700233,0.15047253185513118,0.21215724846343642,0.21215724846343642,0.21215724846343642,0.015570092197603134,0.015553472585531662,0.023259182710385216,0.02252884108731608,0.015005101804236498,0.02802449447320691,0.07180313776544053,0.10140661588683643,0.022047662049545492,0.01930353346266131,0.027557363226224468,0.03374708664139686,0.03226648299355289,0.028977264734291547,0.03177390339333848,0.02231518189143877,0
0.20393654771279768,0.013889060368648965,0.04589670139542777,0.007880090199827893,0.2220003561014948,0.017678106190713885,0.04066276648762982,0.0043903360533434745,0.2220003561014948,0.009055815354728467,0.005141007039229838,0.000999105019359132,0.20605762210241876,0.003980076394045096,0.00222617020411655,3.156335010877456e-05,0.04518532236435245,0.021133180713157944,0.04366088250739117,0.010492055242673931,0.012350650347199775,0.010461989691133532,0.033010494520014026,0.003667030698916007,0.024823617134114732,0.026423350569298513,0.02564778979427447,0.015700500060903556,0.017084911290361725,0.0020898699286094756,0.0054515019655373,0.007593637123417795,0.21005110918777167,0.2220003561014948,0.2220003561014948,0.16763683889576564,0.005206525402326987,0.016094151205393155,0.034568053172559,0.01527654122180212,0.0025524668281158985,0.02461852339712224,0.10483452909392955,0.0882526861484874,0.0009607178866432164,0.004155367147671658,0.05117741717364061,0.03841709564252536,0.019532148537514244,0.018721702439804186,0.014580187813330347,0.08079290652087956,0.003809641792854326,0.07064507597742618,0.059193415498525276,0.038322042917331815,0.0013361511772060624,0.07909085190098876,0.16884119410489404,0.10622398474419374,0.0011633044420505424,0.0006918519654341318,0.023633012148371064,0.025553515722569174,0.010782253344619998,0.02677132544962739,0.021466705565523315,0.2220003561014948,0.013466334238641148,0.0871547910595508,0.032417809622899384,0.1506558629217213,0.005836664986136494,0.029946124399286487,0.057097456698952005,0.13726559131734578,0.003230076448489844,0.003394428849670335,0.012630299929104994,0.07409250992308651,0.0116836990949536,0.05730602425416293,0.024818574719161303,0.034801567103006456,0.02001476376411175,0.08890841624085463,0.08625077096742215,0.198264432495346,0.014932520563623842,0.032517844158036824,0.04352609658025547,0.05356536347036741,0.07754200194670018,0.2220003561014948,0.15344432513696812,0.09803038933531233,0.0027828146327607485,0.013956037739657446,0.022524802891828347,0.0061625656973029455,0.00889189358519072,0.02380206018634351,0.21623633084406874,0.1510607310079654,0.013383877912840896,0.025114039937682825,0.07002421269074481,0.05889029329443036,0.18399215292016655,0.2220003561014948,0.2220003561014948,0.2220003561014948,0.013887425060444767,0.007611617842552259,0.028883140171410547,0.007952584043302652,0.022836797366844,0.014259146224103217,0.09883779134580441,0.01881499179174779,0.024672490852077227,0.0055133494386638065,0.013071125468047494,0.00504015690573951,0.040635917626201425,0.024139395576525183,0.02931113311558734,0.01799432972334211,0
0.17579916257814726,0.006785281941747348,0.031225932617221508,0.012436654083559586,0.2068929499379406,0.013037946239839601,0.02689980211186657,0.020070969700752072,0.2068929499379406,0.020260972681407665,0.0056495852156906124,0.001989484468299688,0.16050988886648926,0.003083108208879902,0.004845305744389508,0.0012843818275753245,0.03915109194456455,0.023414854904109904,0.06798498735695249,0.018354148216536182,0.014297631926708604,0.03700165606231274,0.04544647191273395,0.039279231999505865,0.017300439975142894,0.02846198996964066,0.021990482426285013,0.022975397543422958,0.010047974520466295,0.037121639586732834,0.10516490664530904,0.00941783690808216,0.18639813996848378,0.2068929499379406,0.2068929499379406,0.1865730587513618,0.0015313507492585028,0.00849115530418241,0.1317194638540899,0.06661065078351813,0.001958889536708279,0.00510559321252922,0.04918430884142428,0.06413660879724824,0.0038624424481087296,0.029038042684725023,0.1997077452803822,0.2068929499379406,0.013822686949524193,0.01772824266591953,0.024997429354072474,0.04186524318740548,0.0010145897550993893,0.043358556828711106,0.14980980800746654,0.08429131203073369,0.001215777295909609,0.007470483459009079,0.04594369683446621,0.06343443177423613,0.0027852133528242277,0.013190343769130055,0.01720850140576955,0.06345952910711294,0.006183587680891473,0.027352516377907848,0.029819452773064737,0.12449916862768332,0.006026983016411163,0.04533564268084677,0.0948111346691296,0.12037990209821461,0.0037386823494974064,0.009117115128257093,0.023156878610039646,0.09265518765075988,0.02177613360617283,0.055972987960824075,0.00424094972871038,0.044586913135887286,0.009163958833580113,0.05982365427460872,0.14716543631819745,0.12108787832565356,0.032933236708003806,0.052355620574956796,0.12024036120049017,0.06849886240559924,0.01763586039518693,0.11710088266629905,0.19222909439592517,0.10927528235089144,0.03484335959046169,0.2068929499379406,0.15035369949472716,0.06220135687842693,0.00712578043670937,0.011867636309448322,0.15779348890838973,0.17187543705556912,0.015518393931399206,0.01002249826466507,0.0699302210308297,0.06971991124410416,0.01195230750222231,0.037768665271348874,0.12992006901475048,0.16892789930009147,0.15366344794674064,0.17811864443474243,0.2068929499379406,0.2068929499379406,0.011630421122549084,0.003017085820240338,0.048408656221861926,0.04499593310990818,0.01614201451829471,0.001699949186768261,0.030820502463936583,0.031189131928632187,0.015767574747479453,0.007700964657267782,0.007437932569838678,0.018425186519767364,0.034963862050651884,0.009404166479850762,0.014608174272085564,0.011207913376444488,0
0.19112276055250732,0.017446829709565376,0.02770978011891895,0.004010722653593654,0.2075521906527151,0.018319993653905287,0.028077440063867493,0.00838467737967884,0.19743200487688095,0.015558963248376315,0.003850088916129331,0.0020292424569324213,0.14905937987595147,0.0023508880698427694,0.0013295748279784742,0.003070186468481698,0.04617740284118526,0.053817836414466094,0.07346540547081844,0.009386778721065584,0.021232079910174635,0.01286490383663802,0.04368188698158092,0.027368398483947193,0.014274434534196549,0.04412483090780086,0.03388705021038636,0.02269944228981543,0.010399590575307847,0.02120699186012885,0.012359928891931998,0.010373314515153585,0.18408552197380276,0.2075521906527151,0.2075521906527151,0.17162785996040145,0.0001003309129438026,0.01664916373373536,0.07169580119953614,0.056813121694985126,0.008408920504959564,0.1380184667815846,0.18187065919225298,0.15950262433568665,0.00818011652067768,0.07897117641334492,0.10603917474992222,0.08302454614837579,0.008644619726028875,0.048706138718967854,0.029285860208560683,0.06997871326380635,0.00017273681253106716,0.05260112431142765,0.08584451409164427,0.08202205441224238,0.012985523140366911,0.02438415710881611,0.06111157658990909,0.06467554474167732,0.0087823246471514,0.016925165802978547,0.03253145210700591,0.02938427452153105,0.0022822446291184103,0.08192088732958543,0.031100209882180808,0.11658331359547332,0.0037863289919807695,0.08114187439379825,0.09022793429288666,0.1233402861862329,0.05276231614123622,0.043677141834569305,0.018950864701230828,0.06940815692436464,0.02744072186089862,0.038156870736003184,0.02324699281936324,0.07228294640325943,0.006241475671633298,0.06588311571546032,0.1324934089933759,0.2075521906527151,0.01692200147643706,0.08284003038226027,0.08260315907202687,0.09497840930889355,0.05425062445414894,0.13719591463126224,0.08304744456139422,0.10906389467855129,0.04209036360731859,0.07327801566934707,0.06977689148704988,0.04853871243298123,0.015298241640921742,0.03693335341954549,0.1717983978129937,0.12792037028164244,0.026184009741065623,0.09052375369101666,0.07511590060385462,0.046039905522124266,0.025533313826610088,0.206169635677872,0.2075521906527151,0.1958084998616872,0.13913662188664358,0.1683238914201905,0.2026320544975521,0.1624900536918021,0.054660412863954934,0.015483064533013782,0.09650075591382101,0.03657812520123438,0.04654152308786966,0.022311115575915468,0.04735241478749901,0.016720116620580767,0.03132881186137868,0.04005968350413593,0.0470265353753256,0.016918269380252374,0.03366398058153336,0.012834584477526067,0.014924036731854043,0.021073330823688743,0
0.15699763878225678,0.022307523827134874,0.08261451568998891,0.01023490832297184,0.1868644720071579,0.056458750629609686,0.023488415577495564,0.0011163604617642976,0.15759663734706822,0.030634826232307923,0.0030988364173560067,0.0001773044686003199,0.15211989263586892,0.0051006455148196635,0.0016934108805706917,4.777372921040468e-05,0.04194932528961467,0.03048057932062399,0.07885237941499595,0.015909429081939763,0.04171150963638253,0.13780995342229735,0.03491355651920723,0.005267811785483448,0.05764123948672276,0.050714054189705676,0.01103843358892265,0.0064962986120569565,0.019555902088202078,0.007916785070557928,0.006718000355488843,0.0037766102431589944,0.1641302638598268,0.19630378847690386,0.1998473253053631,0.15644838279848886,0.0056715114471531615,0.02432157542481968,0.07669900318213708,0.041877417843008136,0.11091227595926868,0.15046827496100654,0.18268944060295883,0.15380434261118267,0.03687867778798913,0.09714178099352806,0.13028875598049894,0.10292972282315165,0.029169290206266907,0.02024863128588261,0.011132484746176929,0.0531955780751759,0.009014373719505916,0.038605507420537755,0.15638321449704046,0.0588094506448214,0.1011419720687409,0.059533488603096735,0.08863069708225335,0.0831296100984555,0.01879908084037946,0.04222201020269768,0.02147923879170458,0.03208405869067572,0.018325459410758804,0.019112495587304223,0.007035632009220034,0.1595558494211989,0.019430755960338757,0.02057378315164087,0.03426817324316362,0.08963791530770662,0.028199674963250206,0.004593191867952642,0.01463360484544443,0.08087291996497839,0.004249375034587966,0.024449328225340336,0.007649321277208007,0.07516762879836479,0.026683186204736305,0.10695383029501962,0.06959954557429383,0.1183633028712722,0.20647296564825968,0.1066282080788254,0.07816407811717087,0.09348990885257052,0.06921307090514692,0.020697254145039888,0.03961000673459629,0.0810437086774598,0.013432530897583495,0.045700840169709725,0.08566229536390062,0.061603383173172634,0.035473456225114136,0.054327540897430485,0.1206913029695741,0.0973361680559534,0.0634311083834568,0.050382191976513176,0.14616854886262826,0.1258148594414183,0.024312265476263195,0.1986393175565299,0.20647296564825968,0.11677518473071705,0.13824447147891455,0.19278933167793832,0.20647296564825968,0.20647296564825968,0.013872409821609822,0.00757865134287171,0.03646809390970736,0.016552206282874047,0.027279162513005474,0.013589129089724735,0.0319383557721564,0.03124388483752918,0.07249667834053818,0.08194993747990824,0.02305894513278512,0.003920549060537738,0.05823819488329537,0.022578402299283467,0.017303348546109886,0.01279050475986076,1
0.18271855895131248,0.030622029531536504,0.037871661176123075,0.003127841516414979,0.19584133409184154,0.05773484124867145,0.022023022220119506,0.001968114635579125,0.1883855510900068,0.0465407172916064,0.012902523069968707,0.0012673147859956272,0.15459737721186106,0.03626908333502395,0.01864391412390932,0.00019545733640800885,0.03807059724950129,0.02814955868999248,0.04554304620435369,0.004423118641507436,0.032684940814123056,0.0892038822012591,0.014460297355663726,0.029145228390809623,0.03339621113918267,0.06827101616792755,0.0376567574406517,0.03312316366628154,0.009529310117035918,0.026475588131505863,0.03269759678117152,0.008731893785064917,0.1882362916330347,0.20505462507904687,0.196657148519834,0.12976375828470127,0.0029021984530244703,0.022251433190059372,0.040365156412082846,0.03760428055359279,0.05487069094824738,0.06521296226328867,0.1663127323870545,0.15479807788986882,0.017187441620622145,0.06487481268434228,0.1308875719380222,0.0814124341751231,0.014025902929925421,0.019221211331126278,0.012626027096959482,0.054759273908420926,0.0028899994660635283,0.04345074060372937,0.11557400372396891,0.03787442293792632,0.09707678597156051,0.13364344228200356,0.12409319009386476,0.07777534820645332,0.03732201491345878,0.1890777601635991,0.0683822606769454,0.06560668563475872,0.0047768902647783934,0.0163803533285261,0.015833009726612113,0.15935820227903513,0.04452584051938988,0.032335242480791594,0.03083334956999322,0.09494700914223618,0.08407658109385346,0.014168457608558099,0.01716311274538694,0.09734990756586526,0.007243043522286056,0.010601453509689598,0.005516793312889794,0.08780770479802533,0.08502229531142061,0.1542274131992113,0.07077732306382391,0.1037401921094205,0.15744573616560487,0.09835870090149688,0.08802341312745147,0.11448105201464179,0.055167384930285814,0.011895624728613713,0.028772672945026313,0.0774217233669677,0.01989557692540457,0.015480806348462694,0.03679662454106748,0.16215490183245643,0.05331391391231873,0.05973083097980063,0.07573673349357071,0.04877705395772801,0.03960740981681627,0.03663901708313625,0.09776448858165086,0.06632168469000584,0.03408621893661422,0.20505462507904687,0.16908281474308898,0.06557748252647573,0.14003061252731927,0.2030627737034354,0.20505462507904687,0.19749070825790743,0.017893640954099836,0.009739390432889464,0.034784763967154186,0.007451349570899924,0.02352026565910579,0.020688923592585545,0.05385117466885077,0.011525223059989747,0.0467973152980314,0.12219794096125612,0.04304202939772141,0.004141000295720877,0.04749800009940433,0.06252567971860606,0.10204423645811786,0.01188647841621818,1
0.15613093313769572,0.032302012175383754,0.019725090404911272,0.0013790028617280833,0.17584642115584342,0.046843902923748404,0.00909254750740525,0.0013631097043960048,0.1892114285811814,0.07769834619005789,0.02949998259817488,0.0014732172726014928,0.15171914864791322,0.015589542192397061,0.0030462651683171955,0.0005452328151877709,0.03256707380120628,0.025585968162924837,0.041282189935103124,0.007671475652763523,0.04494037165135624,0.1065593557610465,0.03231321132336774,0.022314867890336234,0.04236670975381387,0.07214744840169192,0.08870116181594302,0.04093686392132773,0.01781618196890544,0.006550492589195292,0.009885256333841201,0.02634487773487407,0.16834729349317257,0.1962266064380125,0.2036779961066667,0.15632917006521524,0.006420683790732615,0.04930015099327856,0.1467717520778241,0.11487190720407363,0.03286621137738887,0.11192627890218848,0.2036779961066667,0.15479836947483902,0.005238904640459315,0.012764657043709167,0.051065169120585646,0.04992837576120015,0.00781213957428605,0.022920880910315907,0.02511134998413216,0.050949231339362855,0.02456253262399552,0.046101048132236845,0.11057290319772714,0.054664480080615564,0.10679035212474616,0.2036779961066667,0.08736778685671419,0.11568982899332463,0.020509045824632394,0.07866106971084047,0.07056273942146962,0.028227668350586484,0.009640534595416611,0.008824007491658617,0.015905267865947998,0.1131951218248774,0.054552592690943,0.014990013130668525,0.02433072027808027,0.10636838924295534,0.052947613850342565,0.013098147433093133,0.01370342010858099,0.11466164247686321,0.014324587968527185,0.011988607711114162,0.02058680424536494,0.10149405366572396,0.08755185518813081,0.08372451513410127,0.0879799437023725,0.10926190053985844,0.11990518990078684,0.048374521528432086,0.06024776521747744,0.06061975865506071,0.009193008373062767,0.012902745009971696,0.056511945660916996,0.13957462657783307,0.011586309281227147,0.01909387365384645,0.03701961502352476,0.0719828245460258,0.060200739077186975,0.08715031716112039,0.16501218493163794,0.11564130253996224,0.03413139063461827,0.14367815466461328,0.1497538349454791,0.08885181552295922,0.01818620754276132,0.14806123696219992,0.2036779961066667,0.14214790407717195,0.143008998424913,0.19221390938951385,0.2036779961066667,0.15329732688904177,0.015600650043341985,0.025012576872872554,0.056973041684126605,0.020494458215360018,0.02171799185870622,0.044830449837243457,0.027743914662168256,0.01417811751852189,0.013629691648055076,0.07702133783075174,0.07537513025719056,0.011564019426197598,0.02986470465776788,0.02022059698570385,0.03024287379112153,0.007243623819042563,1
0.18171150460633478,0.07068475333028165,0.019701452187793143,0.008167522283183027,0.18079868983866987,0.0535832003198896,0.016748849026171908,0.00909014875364574,0.1548533722910468,0.027042890665897736,0.01530255217111853,0.007201823739652816,0.1252719467405758,0.0300977706872322,0.02408696601035712,0.008737116177469922,0.03526339795142278,0.08257199766808707,0.05205550129846927,0.005297239021164195,0.06420903116614485,0.07887810494588365,0.029215261047804423,0.035032913170417866,0.12175698340763486,0.0680724081112464,0.060821507795652555,0.06578932826233949,0.02253044481003742,0.051180915610422165,0.06423402222307424,0.03499290016948266,0.18012690198958636,0.19024215439819542,0.20774273773062188,0.12905662217528738,0.0059267140708699085,0.06030351413751143,0.07341083008668553,0.08948442989489665,0.04294678363350998,0.09792444066043053,0.09097406060096014,0.0837963164668421,0.08592149356191968,0.162796363497949,0.11786026424903563,0.06671180620234513,0.015490036597062967,0.017053413099919097,0.04125254007545677,0.10827728573405257,0.0007106890513269793,0.06333345842107267,0.046716075209410006,0.041049082477182,0.027320617019749922,0.07586352677193521,0.09854955254016343,0.06630480290322334,0.05678649894888502,0.04787684677735494,0.05646736205390385,0.07858007689014043,0.015518558028421328,0.02162424300108506,0.03495221791921384,0.18132687223167487,0.017164385544795612,0.042771114909360405,0.03740059880536282,0.12060204725202714,0.02064379043171127,0.009145617817206839,0.022388592004504607,0.11210559554357628,0.027745631857030644,0.009101071537176967,0.018908243936794772,0.12233094413662121,0.10836731117266957,0.1173910670071183,0.07444870603350923,0.06740961306759005,0.1819772840446507,0.13064196835438457,0.12226682122239511,0.0612476311991951,0.0525027344520007,0.07113354176842791,0.061771161255248376,0.058372763863138305,0.024442808863405628,0.027513667107765417,0.048207704791451166,0.08627376215018119,0.039124899139123655,0.06646757744671698,0.1714600017865199,0.067567280737696,0.029693213226991012,0.07506276288813157,0.15546439334038542,0.10208120942310195,0.11028722775719359,0.20774273773062188,0.10243432547253907,0.10108609533439937,0.1734228309461704,0.20774273773062188,0.20774273773062188,0.1879178081265173,0.014353011628236085,0.024743753709692142,0.025341887486538255,0.025856604374665682,0.024393605770017725,0.03849039012676942,0.05021340358023449,0.08389124170114141,0.02822452788502143,0.02923093525175221,0.011535028448624007,0.026274993159116168,0.03453854026977011,0.039254972967559566,0.03497316475542894,0.01131904456747819,1
0.17807543356608835,0.006139288082548449,0.023406593650355283,0.002881849857913128,0.20279702907285652,0.015662327023256577,0.014521359880553945,0.005696814987645765,0.20948328718015474,0.021317361151036555,0.006784601007770638,0.0016499154069186655,0.14892122680549352,0.02925878836460666,0.027627597862656665,0.005642622789332756,0.04066692322294941,0.01698616674657092,0.05052379691181381,0.00884223128037406,0.025614276024076465,0.038532707557587816,0.03381286866306002,0.011482602468936206,0.05479051971534945,0.05427212258095945,0.036988700761336674,0.013725728439985893,0.01783061107698889,0.04802185943195958,0.053161532532295296,0.022875146866238472,0.17699573407334435,0.20948328718015474,0.20818108495071572,0.15798470483394375,0.0006000455673998246,0.013217020905981602,0.12367094860104703,0.08957984244401182,0.00277234524979959,0.029307325784157727,0.11361510093625439,0.132860930025311,0.03396708748681011,0.20658773307317427,0.18674951758584846,0.13209434035610038,0.008202686185517569,0.01413607622924532,0.016165322376670222,0.05060554386437425,0.0008795160740512585,0.05660774927608909,0.1258702312268178,0.0746261981019439,0.009277543897317768,0.02109100765635768,0.07150713670385185,0.09937983628142179,0.06383856559241484,0.11280714533879155,0.045984279541093,0.05600199044744899,0.0029031029595378835,0.015764299531909682,0.016706378897918255,0.14360159425788288,0.01660244324828575,0.028437194204303635,0.0541840343545846,0.08397896110289664,0.06066462727457013,0.008137641378921399,0.02374573416361068,0.10676330283621073,0.03855694039163719,0.01205726158559328,0.0038219944732513756,0.09887702891999503,0.016743769623837723,0.07809165320007137,0.07254383546618805,0.12699678420190103,0.07497380295037805,0.07841224674258064,0.09272585591392396,0.13556212997668363,0.04546608751114937,0.0727480686772552,0.059191523225206315,0.0515904713067522,0.029542856765514533,0.07816513966753937,0.05842397823129262,0.07854384064657885,0.02580915275866948,0.035895716431771765,0.12250008255651733,0.08007940017745589,0.05683248215530527,0.05866091682844911,0.13652361635066249,0.08839450015081116,0.023660121657063382,0.14452738110633315,0.20948328718015474,0.16268995879004153,0.17220064952292433,0.20948328718015474,0.20948328718015474,0.20114894102648123,0.011842093105325156,0.00609418400165448,0.0360468648481727,0.012609500489772215,0.01624008632353419,0.014012949369472727,0.05679346484976521,0.02415221458267163,0.020127747617738192,0.019460293752364462,0.015875507560741388,0.011514010820723453,0.03681490744519346,0.03291986210993807,0.06459986559159399,0.02653732782944124,1
0.1690953950642833,0.02766365210576912,0.017437838359835374,0.006453988224057394,0.19296733452934373,0.06844360937505987,0.006279566923755545,0.013924030639774173,0.19519299595682907,0.0864918723783602,0.004833869808370973,0.0024504377852217255,0.16541395372308212,0.01211912390538557,0.0007267067782162701,0.0024937372772340233,0.03828292803284547,0.03221322961808892,0.016593173122592803,0.0146968240125711,0.04696033452020878,0.07060058655499145,0.01665432686248207,0.05211971825983074,0.028117284518851902,0.07333382750269343,0.04867008628766605,0.044090526777982024,0.009219799884976426,0.006549185137519499,0.007147932360471424,0.02551440243592403,0.18035917672307453,0.20540815621700825,0.19954006108739533,0.1413409242832254,0.003523888073661256,0.03132183153440696,0.09871787375976258,0.0861958972580975,0.05146185054052602,0.16344283959523662,0.20540815621700825,0.1801892409525297,0.013678263114877192,0.04289268172869329,0.10058987057216828,0.08073163909965665,0.010683495217301992,0.034247484354525244,0.03189436143056302,0.04185519841175588,0.04156975318606154,0.07452975345310048,0.09984717650592195,0.0304033607267647,0.16080137546558254,0.11362818590582353,0.08613307743405604,0.08545192270086788,0.028146635741254502,0.0899450116073513,0.06649497839766441,0.02502862117719733,0.0041875667768844094,0.011386815979009665,0.02082641767318684,0.12972911026578937,0.03614235185340484,0.019807359491322243,0.021186615668365754,0.10920689294217979,0.05642606123350317,0.008836634176616572,0.005112377352515889,0.09802295987455789,0.005314588170259835,0.009406369382908088,0.0031855051498315703,0.10527741147653098,0.12467221931998787,0.11497438861021314,0.0752558493231924,0.06347413223671944,0.15083665548046446,0.05366708592267139,0.0679721123782976,0.036330341859414486,0.011121346716619329,0.017424591966754246,0.049718632264352046,0.1061420745251752,0.0031754086324165,0.0107610412844302,0.030237550897638413,0.06077575511526423,0.05618544466833327,0.08723284879494773,0.16662701716644998,0.08942428259327014,0.0542021902048852,0.12754057566616547,0.088954401236205,0.06057969602696774,0.03389065390235693,0.14791307189889677,0.20540815621700825,0.1405493576723449,0.1345308740067237,0.19574906077413212,0.20540815621700825,0.1762401095555701,0.018440702885264747,0.031094381929281843,0.03671774641106469,0.03261291898291021,0.030000395850683613,0.03441975863491827,0.01670808372889884,0.03234591495138826,0.026812509975361963,0.09016219119070724,0.06448979417265231,0.016460489447098946,0.0844799885083613,0.023460232389152774,0.02978814633734136,0.006965055544469554,1
0.17187758877613954,0.06746962103420603,0.023739975139460304,0.0015206660827246311,0.17384952798546183,0.04671987362428087,0.0067004647471801855,0.002831875389556525,0.17874710065230734,0.06296889630803618,0.009253770297737007,0.0013096300627362034,0.16973424981086455,0.020237512877244738,0.0058910587761029296,0.00026756035514835996,0.036631496353568535,0.03275382344327739,0.031231286870795953,0.00874984686687335,0.06926759859004802,0.11851494082113338,0.008101571806727966,0.03706904081595186,0.0641299208436189,0.09807478729335117,0.04396029350674337,0.03179017075978609,0.01965308840437935,0.018967399176000224,0.024542436102532973,0.008493973837483397,0.18707140724543725,0.20794772283137714,0.20794772283137714,0.1652998134760986,0.003160981967290583,0.026463699338835238,0.06199158318203711,0.05828801369100382,0.051086434574311335,0.11156112383482358,0.18682148000413365,0.14973882422698748,0.020873473826749676,0.08187626025573005,0.15284688468057464,0.13866323447015302,0.00850645025202931,0.017024832743822056,0.021134247486300137,0.04774267478638585,0.003124570197107636,0.07535552529907778,0.10422689663334836,0.02673866767939162,0.10763040298976038,0.11325263318497897,0.07137574972601551,0.05506904834104369,0.03125278278844205,0.09431149066234704,0.03559719123560946,0.06257036451784952,0.002171487804978951,0.004500948142228592,0.010185708508413502,0.14895817161910094,0.016537808286811506,0.011370122282392576,0.009308551826424448,0.12121035452050036,0.04006742214649407,0.01153520369336265,0.006299811105225737,0.14100772297014427,0.005160742540804407,0.010554994396188157,0.003561766375956818,0.12240346834364679,0.10573991834973429,0.1461153749577704,0.03607137615672902,0.08735928163098643,0.16548981551165498,0.07067800170486437,0.03733138467463343,0.07321991975341274,0.03894881036193489,0.031692219012581985,0.030340140897343486,0.06782986239710137,0.007073387241790473,0.013399773537444603,0.028701364599508925,0.0982408197594893,0.0574387698221651,0.08673402255003933,0.1261740405622889,0.07283418799201002,0.039150926309761205,0.08644270614715938,0.13250085245722473,0.08067077333560412,0.03808798185786052,0.18749150626625294,0.12252994659844134,0.09665891672013414,0.15239876622752135,0.20794772283137714,0.20794772283137714,0.20794772283137714,0.013792504011411168,0.03239948204973233,0.049665936909859314,0.013285217026945193,0.021199307548543683,0.02515729048302021,0.0493935823393727,0.013314872381351026,0.014651021826874874,0.0882793509688695,0.04659330941890446,0.006244493808483981,0.05282465290404308,0.04698643757823598,0.05817829349434126,0.010775014697838087,1
0.1701220974800337,0.03653744682944821,0.03957893901460605,0.0052816881719493485,0.18408201064569804,0.08374941007868356,0.011557234675363043,0.004613899364427203,0.19225967804813202,0.04467446472206732,0.01262813322652564,0.0005525892023350037,0.15134578736488785,0.007854465214481708,0.0018011045870633415,0.00046723786092064425,0.03383514842677395,0.08630257033969674,0.06131801181382381,0.00846246683309266,0.035209082384580315,0.11882749166342318,0.02159522016865906,0.016589051338633337,0.02774127374007219,0.02642984096583596,0.025611548605450958,0.004938739008160834,0.01023684671979974,0.006416350138283778,0.006775647251423523,0.007403434937235769,0.17517415609976544,0.20344359994423566,0.20344359994423566,0.17912091501937052,0.0053233667690467945,0.015883017488260116,0.126012996201834,0.06957865815227256,0.06459373259969572,0.13385146055624808,0.12528305580506363,0.08378792079074265,0.018314172688122646,0.05225622883022523,0.08926941242305653,0.09148007885986405,0.010471422264524834,0.02465553220724842,0.039873470931308184,0.05108959808987746,0.023665724687853038,0.04204714821013133,0.14310404836511073,0.09359714850142468,0.1456600822721529,0.1795832744666077,0.04873175123199169,0.07868649098746597,0.013982502570364734,0.05961286317214048,0.04816769624471149,0.04231330454349393,0.008256841146979551,0.014032352654328754,0.012726375129899315,0.09666565064026085,0.0353535373754155,0.01261886003822863,0.026429552149225453,0.10985540058414466,0.06677045956153779,0.006569604358895383,0.01627420249379146,0.09933058599487914,0.022106824671245633,0.012067818633778732,0.01856385537864063,0.10007233432600177,0.10241547816433143,0.17881798321823153,0.0912094115331592,0.18443247787108283,0.16641045271493457,0.08203787571391488,0.04586428449383413,0.0866669967633966,0.016907803741664947,0.006191052609237474,0.028785739087958655,0.08674629590084612,0.009397508346502357,0.014582922671130816,0.027453344555931534,0.05453296630760447,0.03157732844001281,0.07037131550982276,0.20344359994423566,0.1278152477360356,0.06400102289281899,0.10002406408644202,0.15451586919972493,0.07110205176228257,0.024093415225798737,0.164892008124932,0.20344359994423566,0.10000150034362384,0.14341314810103686,0.18029775023795333,0.17378808717484623,0.11807560390402852,0.013294541268501436,0.00851896767834968,0.04654514318586154,0.023350052579482347,0.0369311916259758,0.054110458105781814,0.024357336806348384,0.012126738861858886,0.026755574381837254,0.10169477696974555,0.03833860679767744,0.005365300070841337,0.03748481110181487,0.022855072315492213,0.01535891482224741,0.0035293875890116434,1
0.17226305180209905,0.07024883581409132,0.017356298962714817,0.0005251048893303362,0.1923966010142629,0.05843913090669709,0.008991802797667963,0.0018993619582860864,0.13086869139052407,0.08206447306206195,0.007931139923463035,0.0012029592813390033,0.11378967008725681,0.08029679765792937,0.01882458853110954,0.0020823082892924005,0.04414376035206691,0.05956766218605429,0.03282832124677087,0.0038180387032441736,0.055942077062825925,0.08222780630292996,0.02141390561436462,0.012700221796005653,0.07756571632015165,0.03375678294812818,0.05800665625732408,0.03877732623545534,0.06979518897670733,0.04744518999366574,0.07024548599542266,0.0313270336528477,0.1818245677357027,0.20329060333690313,0.20559369172703348,0.14723368309212165,0.0007857503534459201,0.027409599412525354,0.08289299186430212,0.06194805354913607,0.04120550288628395,0.06959168864016047,0.17481511965615365,0.1461258248743695,0.0639637737626457,0.15275856890897277,0.1386312707820016,0.08044460505702226,0.010622984235615989,0.02513565638427462,0.01330769246299944,0.041328587607016444,2.5327862037437692e-05,0.04542179275542827,0.0629314601169404,0.03897769326195892,0.05934748265952243,0.053837112000087874,0.08031976397084262,0.08450782025160337,0.09641765464419132,0.10292203644694779,0.040033254116011996,0.06601244481545816,0.007440432152276733,0.013820501903797432,0.006428062740166835,0.08816184794042287,0.012317562037303477,0.07724520638784542,0.03706251271619199,0.07794490394160443,0.006614348157272678,0.013985470108729268,0.008648910653681195,0.09220351425377293,0.00329725283385452,0.0016716107744567709,0.007571884147016439,0.12541985056909727,0.1647694724689604,0.1806698143940402,0.09055140927417492,0.14397580121815848,0.20559369172703348,0.11153275063674292,0.07109409055490114,0.08546306882024234,0.0338850961197577,0.02387650275059433,0.029683748456867585,0.054636431322644806,0.008178241094558798,0.011488715552732839,0.030739502317671693,0.09736682258485499,0.046196709751469854,0.09110993396531969,0.20559369172703348,0.14697158586008147,0.03332530517862742,0.047322961331450746,0.12084650923297949,0.08411154285057636,0.06793602875253801,0.17985360844140916,0.1159644964496311,0.03950617033285387,0.14249226119987873,0.19860050858910439,0.20559369172703348,0.16659043025402276,0.013311574300854145,0.026727942039011462,0.042050537671496746,0.005272902693276813,0.04885051443691084,0.0215370644588488,0.03466710135654606,0.008809747159572992,0.06064249616415288,0.06766427810482656,0.01555354466652102,0.002506905526522285,0.03089582369747616,0.04555301762042657,0.06023233652140485,0.006338988852829724,1
0.17635558523745207,0.022806350998179563,0.04029521369509416,0.0047006724812793405,0.20570965873317892,0.04804721957777158,0.01166203507499523,0.0005534351084681798,0.14826760376014272,0.02946967089817792,0.004740145087598876,0.0013561768112126443,0.12525646682201635,0.03149318490846628,0.026385143541905708,0.01231004605145353,0.04429914386748803,0.04165191965940837,0.07451338547006972,0.005610497545797108,0.040557871907573574,0.040260062148043334,0.015958916390369043,0.004692781957678302,0.07724906170018471,0.05880246383344571,0.03559597264991375,0.028952001731584444,0.05026517328165098,0.044489739847154784,0.0555078596863601,0.03678683048523155,0.20326914945414912,0.20570965873317892,0.20076365317676204,0.1370761761137809,0.00105482434452755,0.01479699518198542,0.03886286173440008,0.0209220780543157,0.01389313552521755,0.065172275293541,0.15603097341993807,0.13557108199204893,0.04653552789139464,0.13837356232507395,0.15600533906506722,0.1589438125662379,0.01844868886015125,0.02128045809377434,0.018404277159392943,0.0902991463403041,0.0006864775329995717,0.044823360006625464,0.0510449743326046,0.02294544056279034,0.03045913033426882,0.03790676077664431,0.09902388054108033,0.06882666872644484,0.09823849778194535,0.1469369166126833,0.04261533354586075,0.05916981064998856,0.019458790459663804,0.01733435008180376,0.02279820662433318,0.18964861912329775,0.011354258588835804,0.06077455254360124,0.03414188801593075,0.10187212619689205,0.011116539783557871,0.02220357525682068,0.027155087924349113,0.09152736799289088,0.02251360963026932,0.0066904146297288546,0.014485896494291708,0.09286717075112665,0.05699978381717543,0.08390060613000896,0.026909629836611475,0.06975869930591136,0.1799203800914508,0.0792364973479083,0.07619501976548743,0.18819440269042387,0.04624728391100375,0.04159020938287037,0.04976807847105012,0.0450482151178911,0.012440166468644778,0.03281045099300504,0.05392149833586689,0.1289178440966651,0.011346168678499328,0.03156047883951917,0.056086106247199445,0.026571800960843987,0.04503063446569799,0.06688215846004228,0.18296570475656243,0.1090702717921307,0.05210249744647783,0.20350108376294557,0.1596550382779282,0.08868999833731313,0.16118864560124224,0.20570965873317892,0.20570965873317892,0.20157446068423937,0.007814714556632732,0.005431249750130877,0.028657448580172613,0.0024319984726361315,0.041230086558378926,0.022449618131648676,0.09831789309632123,0.013038278357794314,0.04924246085857816,0.042825947521031145,0.012391106741361518,0.007002699343169941,0.03714876668689574,0.04568304169480359,0.11394205593621488,0.03765817286040436,1
0.15886177541903473,0.054179408238984456,0.02033635055088897,0.0008560530936908604,0.15517552843443463,0.050410836500479735,0.006025886824937196,0.000918165769136971,0.08755515721524768,0.0879177533086997,0.03326709240224464,0.004317143802907119,0.1268924239513694,0.06762039190543362,0.04243218856311128,0.005348091144023065,0.04350276262754338,0.10447903340203646,0.04201545475853626,0.003370091761930659,0.06686849966800143,0.0665530478753772,0.003497411591900134,0.011636231462037116,0.07721695288813396,0.09596527067836204,0.058377503697293734,0.05756854249634367,0.042264517871244536,0.05635490480535566,0.042991157521807016,0.03055993544449519,0.16555461396266877,0.15856041669685847,0.18332705928867565,0.12218324923763128,0.00040150670443833323,0.032013023344260476,0.06641063223919583,0.0600829542269042,0.06298699195287613,0.1060526507321226,0.21157367374853067,0.18594163328115298,0.042697748447275766,0.08780022125809032,0.19507214018740532,0.14327901833066045,0.02102254088370909,0.022179979993120196,0.013920249383940925,0.05398867108834505,9.113042625698831e-05,0.021106362870027758,0.04631678291495249,0.024204212472043372,0.060094324703145054,0.09776183969709284,0.1092382366163442,0.09534979774119841,0.03944807978365003,0.11805910786318743,0.08217811232820237,0.08054465664211691,0.009941858575437074,0.013741563666519812,0.014737727342746943,0.11074839916651921,0.01258876348923699,0.03943952171117396,0.03417132234835911,0.06590640825120503,0.007757839057436482,0.006438106933614128,0.016288164807809674,0.08428190958401148,0.009554700090815587,0.005734132217132802,0.019230599309685358,0.07739968776076812,0.19623662818464105,0.15611490270139194,0.050691928462947684,0.13322255116007412,0.21157367374853067,0.06610006571592968,0.05686372782777912,0.10053681412776595,0.018736483564655338,0.015619827185640627,0.04126039862453197,0.0680639184187014,0.007729616840682401,0.01887462259300207,0.06752110542326646,0.14463232413448174,0.03795619652530657,0.06648366620581421,0.1578478727225937,0.08077670422916296,0.03814613716722069,0.0810691031354713,0.12102632446581726,0.07021519554352915,0.04824875831107252,0.1928334664475128,0.13293649770227248,0.07620267355659004,0.10908446576755897,0.1748537716704537,0.21157367374853067,0.21157367374853067,0.017153346300111377,0.013747221014669238,0.0498417804568714,0.00936307066249741,0.05004166960298412,0.03401517080782144,0.03982108558960203,0.007302876868931757,0.046095149103879726,0.0846479475213018,0.04609532285636552,0.005461376141706101,0.0375936143676104,0.060528418589052675,0.10970404959217779,0.01603510081267635,1
0.16401005581377923,0.02336269391036907,0.07575572106944677,0.00922500427568903,0.16838015521117047,0.06181762713639694,0.026964265311512543,0.00171300475191768,0.14734693831783885,0.0686896669331596,0.004658532750066686,0.0007356582031484512,0.13203464617577146,0.0896017629317632,0.04310356292792038,0.005003162037780427,0.03565662029434138,0.020576408856940575,0.03230382678744624,0.006271966324433299,0.04324246814659436,0.06305794543692218,0.009580076588982285,0.0061278774649960645,0.06682039961939028,0.053241371220798486,0.03470429311659483,0.045711572777237024,0.035441273686862645,0.06185504810264694,0.08485854689756822,0.05613743239910325,0.19723822279251804,0.20620625750690388,0.19620702378997418,0.12071513911364663,0.0009759889833339737,0.030046451026887452,0.018587523864580346,0.006672682849851414,0.02977949884724732,0.04388965013380144,0.13090452668798908,0.13474767620571138,0.054935057115633054,0.1294914476869585,0.1873931292152243,0.1251044243414555,0.013999562728481215,0.015149486038841885,0.02128476861060394,0.0974858814100335,0.00018362735979929855,0.03457480795886595,0.050296214334932345,0.022569376973471653,0.04330292599642722,0.07072468036166162,0.1437469386206073,0.08343905322275487,0.08781189574547202,0.16731088020769033,0.06766214523001804,0.11714419407724959,0.007276465051506609,0.005965934597867621,0.03459095973592428,0.20620625750690388,0.004476958830074052,0.01415121728266135,0.02415954695659444,0.13953786084422143,0.01324475627027539,0.01783053841240101,0.026687428884243122,0.07853635060275811,0.011038236071133908,0.006440998306570285,0.015006601531669475,0.08799544715248712,0.06876756104251742,0.0982763020957596,0.012639788690095027,0.024614591415131698,0.1718910623106718,0.05161848437278818,0.036755294963502286,0.14648236409433293,0.0394431471129104,0.0180101896022533,0.03119307686847621,0.0594697360360674,0.008714613430927541,0.01833555438931192,0.046815661931935364,0.1468266917869137,0.033740965693875365,0.039426029732043316,0.010065485200722297,0.003421017477349129,0.055277886265040814,0.0570268924821338,0.1978517959001349,0.11618703936997565,0.05359605602124294,0.20419164438956652,0.14840051254987674,0.08584586577836294,0.15074468274263572,0.20620625750690388,0.20620625750690388,0.20620625750690388,0.010053222749496188,0.026497287832151366,0.029301214796296313,0.003640856711326551,0.03218682866124438,0.03701092456081881,0.07507899671339846,0.010126767889296732,0.03658769671423478,0.05791602510017447,0.020901477983814355,0.006113420098539045,0.043565961373725294,0.06669728958195786,0.0986306517393353,0.017436999286047604,1
0.16635137347310894,0.029156838311465372,0.036610520816562936,0.0020105879457701648,0.17710159615797258,0.10185471464136285,0.014178297381098865,0.004133207157565855,0.1698995429910958,0.05242095295505635,0.02938871226069353,0.011174528575088131,0.13710431349230848,0.018435495826632713,0.002082158838142132,0.0004489840666927441,0.039875253311796865,0.03366362245924732,0.03048057452893796,0.00836975447270267,0.017895657819987865,0.12543592201384243,0.047230716116231426,0.03674551574923393,0.023560361435536952,0.08833840030035651,0.11324592601479,0.06009892669355301,0.011024591523134442,0.015494245067117503,0.009717856730945194,0.006473970411225466,0.1698027046504575,0.1898218675158075,0.1943639425284135,0.1409031472755269,0.0024226673154851288,0.019637723972662505,0.13527196796730678,0.09004150220985868,0.026331641180463775,0.1443448800724476,0.20215898834915583,0.14487576420255413,0.004026559797999522,0.037060251857565917,0.0608042899718562,0.028890268363480555,0.008605955194442785,0.02817707353718814,0.0464299752087478,0.04443999068892536,0.013304909425885013,0.02327880245772269,0.13874920220595058,0.09479138250779248,0.07844070910446571,0.148729098028191,0.05535840676685215,0.1287159072847497,0.007945133096353434,0.04626292829664593,0.06760710059640158,0.03396699803765305,0.007269342229231477,0.021413372459192496,0.013046717057485134,0.0665193768649144,0.06281920801244179,0.03058533879094581,0.016332151777817036,0.06870523158958516,0.07500875556602227,0.03008342278167144,0.007265077663821933,0.10459030928448257,0.008949038002968288,0.0068388416666388925,0.014212501288005806,0.09631940830293483,0.06956677123162479,0.20215898834915583,0.07536248935842293,0.12503263315581606,0.16344423941307318,0.1809211841019836,0.04526245557552661,0.05446778566336612,0.01883478966162774,0.05682537208114587,0.04118339236837551,0.11204960774390993,0.010429325895829475,0.008451870393902853,0.03684665905643742,0.060345339170396174,0.03681973606456583,0.044471513509959135,0.1867365195324957,0.14942604942608564,0.029578914747110396,0.11104828362148254,0.20215898834915583,0.07313238461611965,0.007442531402106064,0.0994277091495301,0.19238007717184508,0.10231264074027453,0.13271468659707855,0.1715954331722001,0.19573866228689357,0.1419202547727469,0.01803253008591234,0.012753290043338307,0.05194340019349503,0.0137412527706096,0.015201742029029875,0.011208474790153923,0.018402830774136875,0.01075290038678209,0.01207224746275198,0.023545254113915885,0.09807143120963589,0.053007986419071805,0.03953426536870359,0.020422855211907096,0.019069676948906232,0.01561514023693631,1
0.19560350841006982,0.04547000690834649,0.054621119404927455,0.0025706093955276967,0.20161949169507787,0.06745764579974987,0.018950337858207735,0.00690559968644801,0.19442069047004837,0.042689122268301474,0.05344900679435305,0.0038473222653287137,0.15437344060701794,0.014379522456236044,0.01034981733664532,0.0021511263810250893,0.0433247425435567,0.05316883083367636,0.07649094663534074,0.0062951748410821524,0.00963966285714011,0.08626901758498788,0.02640757462543385,0.0194917585832642,0.010815092925318457,0.03337533455917025,0.1173749368541257,0.06324091971742286,0.008329588483753843,0.0164245437798649,0.006505031267885862,0.013112602666270715,0.18790520207145617,0.20161949169507787,0.20161949169507787,0.15390620984312417,0.0013572259762804325,0.018077957848466122,0.12907185036222446,0.06160112442050783,0.006876874300902967,0.09746405001258315,0.15595235525547008,0.1764167038117101,0.0024902705523640227,0.04278248181643774,0.03229574368573781,0.023595525198255186,0.018052013721988783,0.022980791182582845,0.02899741269788396,0.057509385830619986,0.005695942676064785,0.03504273560854596,0.1376934592628922,0.06635704784743847,0.05263235845883638,0.11194349365582483,0.07585293949288688,0.11999772469061293,0.015128161686819113,0.05036335410156579,0.10018498156669406,0.03587852813450911,0.02801131599665566,0.04295047052369455,0.012919876525837306,0.13543548952489903,0.051173098308051716,0.05987555104675712,0.030254528941345685,0.08430419210128198,0.07426172394294658,0.06970804002138788,0.006990172488289698,0.10796944122937925,0.03363771722590567,0.028618194510066558,0.036131798205369464,0.08818895238485613,0.0697067863270547,0.20161949169507787,0.08185902315321453,0.13259466328580147,0.0938301933455497,0.11904558928441977,0.09951726847316417,0.12675813880243955,0.02302412288926701,0.06284124019718032,0.07451280509072397,0.10994697042758224,0.024279015340764234,0.016434485741438496,0.02525162324134904,0.07503581824621244,0.027124907089796497,0.06219833326925881,0.1642396808201708,0.0896520393894513,0.02690035740551622,0.05324532626814736,0.1646751754310656,0.09608416133996496,0.003625805188804612,0.14452715183547685,0.1863594885531816,0.1208708565883377,0.1494813471183402,0.17184170815230645,0.19286957011703693,0.1593881894808903,0.015206668761319868,0.010899320733869608,0.05780769255867781,0.019434952094263425,0.014290159639726312,0.025212998324914283,0.053319165205611294,0.022744686124467846,0.00972874661165018,0.0363103238723155,0.06294281469664718,0.022140964640243628,0.028396381063729114,0.007982233762832525,0.031759447586942796,0.01628852565885727,1
0.17237950345330927,0.03226290680207542,0.02859003126339474,0.0060228913491609925,0.1647999295140574,0.04200426857286051,0.011973160527375123,0.001993139354447803,0.17004979374766796,0.0352745286229005,0.0030674079308046073,0.0012147674199832743,0.17855750908519172,0.020091080334994602,0.0035473666401351638,0.0006677902210097743,0.04164383578241756,0.04697850079678209,0.0324714937255396,0.010597703647655346,0.10053250705578065,0.12098086921238081,0.02339286357124727,0.00866739997448102,0.06600071581504416,0.03466830333154218,0.018471262900070895,0.008763274076917486,0.03598206471269751,0.02289234137109512,0.015391145917718374,0.009342279208571783,0.185005345094645,0.20398433190041762,0.20398433190041762,0.1404471736035759,0.01318972558559541,0.03654336495929459,0.14917762280396407,0.07759481619219136,0.03808963248075196,0.11543587449843891,0.1468615417206216,0.1023064005100913,0.018924362731460146,0.1111743124625436,0.14567277160193556,0.13152058752580462,0.017637965418181148,0.01728627397623953,0.014099962873886903,0.07826646430249068,0.0020511400348536906,0.06798211923101027,0.13055338506247405,0.06327071968014714,0.052756311589052765,0.10688873589887016,0.06935199789202919,0.06656108873516209,0.0223666762370691,0.10776111308865868,0.08103605917073056,0.05869462938701987,0.007397453567545623,0.009340420650658694,0.00841528992705013,0.1497840795644737,0.018657996960249223,0.03940480475124372,0.024946488590804686,0.08095398154279966,0.06281934035395324,0.008565556758081664,0.012528240417775583,0.09931887586182556,0.015420555625541774,0.006573067964875912,0.009195116799117,0.10282126769681663,0.12479688797859406,0.11264886562813328,0.036523324237217554,0.07670821345965324,0.19247541040164617,0.0627927384331387,0.06129586118068842,0.10129134872485043,0.03180006590239736,0.029181719804932803,0.04759258623329553,0.07324970390899271,0.010420187906237749,0.013728496695411607,0.02668666685967793,0.05700615644931256,0.041196327063831056,0.11676352831683877,0.14178681679468058,0.09529400445813986,0.03121149512105497,0.06182372090023915,0.19601655829029174,0.13554198713055501,0.027885312782703297,0.20398433190041762,0.18892370811360268,0.07865542782496962,0.14179714109996713,0.20398433190041762,0.20398433190041762,0.1585514999966381,0.013749945846066787,0.02236276637939894,0.039331823591575124,0.0108848201072398,0.02875814105743602,0.02229727069609634,0.04882722706673452,0.020341428680760876,0.026472169022577534,0.05371097599175095,0.02748112239422489,0.0077906137128203505,0.048923459465431286,0.030202811965596477,0.031179734552814125,0.011641520860203824,1
0.1554844893409677,0.06206004786093507,0.038492221567148314,0.006270600179381945,0.1640176538335881,0.06110500262681351,0.005086623789797491,0.0001484017175965415,0.13630636175490227,0.07634398256972807,0.024301512474266353,0.002101069107233805,0.14410502527481406,0.024727004302167316,0.013596616230584021,0.00169756890511952,0.045207751134036946,0.08063290554978861,0.0402811166036424,0.006868043372817575,0.09205750161309659,0.036323575199478805,0.006218163414022315,0.005181702286861199,0.07256504365519885,0.03507936564872012,0.03252793496571868,0.027569659608022847,0.008348620605684644,0.012352318292493898,0.020459603712327124,0.00814980664239509,0.16807448316669038,0.18869585572498931,0.20264791587326,0.1395843973577227,0.008000440700603618,0.045536879058049116,0.05357356167800855,0.03781053706564421,0.08855106516609532,0.12323458532139811,0.20264791587326,0.16965320597448838,0.014124337810961793,0.06509151779838844,0.10567321375056372,0.06843042531832047,0.008935930512905421,0.015435662710204322,0.013779621638438733,0.047325596915387166,0.008383529417746154,0.037959620978557644,0.060469747832576706,0.02149232707247687,0.15324643270199292,0.20264791587326,0.1037777804448533,0.07502476375464194,0.0259335469103081,0.14778999023092979,0.07536790406999501,0.0736966841631528,0.008128792717656291,0.0054212786097148444,0.021642766329473043,0.19004103747626758,0.003829068920406652,0.042507363832026114,0.029690174998479896,0.09596510946136291,0.014612352038939047,0.00927385096768657,0.012587761575569758,0.10182004683213808,0.00838280065294925,0.009133028240211559,0.01052584054157465,0.10476417940495175,0.1469812617550282,0.08292003810873859,0.03444167985559844,0.10531794200157336,0.08650328617077988,0.02908202395567205,0.05408204740345528,0.16793093275793483,0.008098757265737827,0.009478730327565854,0.027468442290764485,0.07784996532729928,0.008192143181587123,0.013335004781676178,0.04372971656162652,0.10094109157359814,0.07517865058044439,0.08460102058501254,0.06458114158078464,0.02288223576455229,0.05164985341830465,0.12144353967584132,0.17821314906533686,0.0841837934255052,0.06279870106285919,0.20264791587326,0.16047774837560688,0.09640515035480983,0.1443803691370848,0.19257378735859917,0.20264791587326,0.1758599918048368,0.033263714065932766,0.022617731061666212,0.04287946994878965,0.003410505461051126,0.05960271219936704,0.04300104211821654,0.08720278553945296,0.004622984114903543,0.03143082184730443,0.10822189265865696,0.058144220989002106,0.004799886244436306,0.056806374491886344,0.049152388698320754,0.07019563879348366,0.008163524848630482,1
0.15979268743902006,0.06089609023126489,0.06037303530833779,0.0032706048673612903,0.1483113095508659,0.07140468273427932,0.010367539407755954,0.0003243681485089904,0.11494543497299224,0.07254559883839591,0.032008258370600895,0.012956404345053288,0.14792408101667787,0.04351635380716686,0.016605363645912422,0.008643988377534268,0.03690031618741027,0.05704052736730939,0.044687671907501045,0.0063833156000686776,0.06739806316288698,0.080984709303494,0.0041854509605707265,0.010899890536249289,0.08955682673031803,0.06713927788372598,0.08894194694739872,0.07798115992804412,0.020843207932887072,0.017763755193308927,0.02614668285597714,0.015777567134817348,0.17759043015446532,0.20351667651389685,0.20351667651389685,0.15505373914138007,0.003938853889557331,0.010116684363068555,0.022925697673094603,0.024214479318219184,0.0902893131339915,0.13059586249271282,0.1457463020830977,0.13694088877150074,0.015065774171700349,0.05943720097201265,0.06257671998001194,0.046855953973923926,0.008174519254092624,0.012975680573904684,0.013464159161830747,0.05415888116214796,0.0025355542845425594,0.040504432353133966,0.07994769991412193,0.017995672729479988,0.1046787520677875,0.1621004943490364,0.14947291365738746,0.12373225986104534,0.027096967256833856,0.10108620023792184,0.07454002171159853,0.054942943506291565,0.0021530165767974997,0.0020932367168158272,0.0124659969125796,0.20351667651389685,0.006810434496932711,0.037231219031830715,0.028147343232300254,0.10216812223519485,0.007994457789750203,0.005429607868381197,0.016646288674590032,0.08251336908631174,0.005719422496857141,0.00992519328004071,0.0280849662688165,0.09173408115376787,0.13697381271146772,0.08363893033934898,0.026343184767346095,0.086224422162058,0.16775756119531826,0.029179576441549292,0.03979910825343074,0.16320956013788285,0.006863165445000867,0.00800395945589494,0.03906475554640609,0.09383844362217982,0.005237896844678623,0.019394909038248778,0.057903992630637065,0.114445287382886,0.0907075166982203,0.14195443925430448,0.07678310695426592,0.03545300703671038,0.05954435416406072,0.08483178523097509,0.20351667651389685,0.11308103743388334,0.04473675961884681,0.18624979917931803,0.1419515444373903,0.07454805360465237,0.11305067678497185,0.17668460945446193,0.20351667651389685,0.19578044613784623,0.01703163520935203,0.029279489631017678,0.04558290627873487,0.004585015779580312,0.06098922248532248,0.05266182421714885,0.10169677274466737,0.010566573275115544,0.061970523966402416,0.10910103650417091,0.05536633529896311,0.01638886355372717,0.07362395195036824,0.07048294687420467,0.05608749666147695,0.024049947105353197,1
0.17821099294957252,0.03082961290360835,0.043646679029194724,0.0016694177458114318,0.2030799353782868,0.07738383993929528,0.009407111974056203,0.0030760588219497266,0.20294155737629876,0.03209019725133359,0.026809946699608418,0.0028533094713966817,0.12931985733273052,0.022087957447488746,0.000627627182243877,0.0005551629229194584,0.037554939903436974,0.05942798262362574,0.04648573271779917,0.0073290210663139186,0.01711896930671466,0.07121536958052611,0.013454143580585453,0.023263682288707677,0.016171649842571925,0.022237097593133765,0.030073054818870588,0.02402466259648926,0.0024338649256453395,0.003106230151522133,0.007406486737789328,0.028690334779160068,0.19152501296282537,0.20330994442171185,0.20330994442171185,0.1668133728371329,0.0147795877034634,0.02389633054768025,0.07651610997962863,0.055904685975393074,0.06548898159417114,0.20100605266945804,0.14065631901770867,0.09706115423680128,0.0008472495830823207,0.029585989954640308,0.12710052470988195,0.12372791815009652,0.00928424768999254,0.021648813653412195,0.025778769603040024,0.06408364834316592,0.04199486344300047,0.05328077319887739,0.11751716242707284,0.03608605196250451,0.10927536820691686,0.1881988272526927,0.0705497951867866,0.06056313707168917,0.0010054344689039508,0.049938216599672056,0.07327953534904559,0.036186541654932014,0.003979531411098472,0.005526505633029042,0.0073807498214494135,0.15617927517457822,0.03148629941788816,0.014575310327626632,0.01763329157859239,0.11551983016635246,0.027013665115594103,0.013044264441967334,0.00791575629380319,0.1321434835962228,0.00023911367017006167,0.007181964496264459,0.009146608549269675,0.13234788189840302,0.09110675088738203,0.15399141129952987,0.03657770684921294,0.0807600100858439,0.12699214703203374,0.06621439709554955,0.05533754808422263,0.09018223980056285,0.0076604786257915775,0.011642431895816208,0.04163033367931101,0.05523006705071999,0.001377203459312158,0.010573781790657521,0.021262316531093735,0.03528290430981693,0.04390568155441766,0.06204549230815531,0.1310787768313315,0.08717998858680101,0.05142051996337025,0.15221705790148407,0.20330994442171185,0.12903572641088426,0.025295998435109872,0.1426520970236956,0.11291043669697913,0.05131454097703438,0.12343681561364293,0.2017955317268774,0.20330994442171185,0.16993957719411673,0.013677713846165614,0.009181394281180592,0.030369639650264027,0.009173023595965533,0.029242984066644086,0.05650677786376145,0.02522089463967866,0.017260237618912027,0.05342681944264082,0.056333652556023094,0.028237944944242765,0.01023975083080273,0.20217857372799578,0.05665690992310989,0.010400866392780855,0.006115936725163772,1
0.14910814160827918,0.04096289548923609,0.0323381516535008,0.004562391298444726,0.14765456723221076,0.05926461115899928,0.008941484329230334,0.0007946717772070227,0.14594119775152864,0.0675677456496291,0.02636280298902838,0.0051129845776457595,0.1558695706747829,0.05095493527488046,0.0278780391622901,0.005510946528225724,0.03700998328406393,0.08312633109169985,0.051305773324116004,0.009196361455522798,0.07926020802939081,0.10723234605472891,0.012008095999937855,0.0040952707762298415,0.058835857974349696,0.0938433227766614,0.08690820033397188,0.05327634837428415,0.019919768191403522,0.034797043723133775,0.050023805119764855,0.022558643847551726,0.16666743456171043,0.19172096362586,0.18441430672680034,0.12253658331298298,0.012820796939260064,0.01953015804477089,0.04288177757237764,0.04184444107837924,0.05481560787928799,0.12039856259003341,0.20935192998094418,0.20935192998094418,0.012176127353115278,0.053437533626635066,0.10605356874849572,0.08140569878854437,0.012235019745940582,0.01282536979566228,0.01927509223920888,0.07359235476513654,0.003154966446678624,0.03598247397501788,0.05131817091610682,0.023739555109042697,0.11050287518226812,0.14231053263168222,0.12612358420532904,0.12528557834805543,0.030108415008424396,0.09237764177448733,0.05568364622910128,0.07612533160637347,0.008404182948382915,0.003834942958657744,0.009887030159055435,0.15670617429748868,0.02330104126961893,0.028082673753652674,0.014764708569000197,0.08477997207774546,0.05877675543549782,0.012860000562149478,0.01504602742344205,0.10159152055070475,0.010984732446211195,0.008852123109166376,0.01866515217898639,0.11073572171730152,0.16037256606611938,0.12653092477488023,0.01618390703632995,0.036774420623596774,0.17413911250435615,0.0628290892829984,0.054177774730553865,0.12196104777362815,0.0215241655253637,0.009698993021236996,0.023919642061724443,0.09461877459161318,0.00877111888908774,0.01383611610727371,0.05556273276537263,0.15616253653928075,0.03981598556282454,0.08974491776297308,0.05224528228817076,0.027750353713771832,0.029549868441687974,0.08358467843023379,0.20101765791063694,0.12083961285464641,0.052417963049209836,0.18933006671666744,0.12046902782808312,0.07156893391799392,0.12106105555107553,0.18635188792090732,0.20935192998094418,0.20935192998094418,0.013376883385205927,0.013382743717954238,0.020560480396442732,0.0019133313756492458,0.033532827359855175,0.02040637657657961,0.036305809762373166,0.01009977510536669,0.03672114505236873,0.08938390131895613,0.0749765992714794,0.013472740812310332,0.04191051463077044,0.051478071002295234,0.11513693019334378,0.029325901730229805,1
0.15309883159982618,0.02373554716525748,0.016550185554229113,0.006798305489631894,0.14376775191533483,0.0292964899947657,0.00375958821982212,0.0016529771270514105,0.12859427908430968,0.07651641571186521,0.025063443482874814,0.0015039066206382124,0.13184006319293795,0.04428116216097864,0.022428950252482305,0.0015265362641799561,0.03966695374107573,0.034452981785459566,0.046498802315980726,0.011160606917853658,0.1290189043823145,0.08168312335897922,0.02270263449030728,0.007374107221939276,0.07447728589956328,0.09020991173889042,0.11370105849531488,0.054411292470367495,0.025747473900787885,0.039699724090332664,0.02835812450966256,0.014021359786553793,0.15832281601234913,0.18460949955691344,0.20761838838587382,0.15575610901328565,0.0019740507600634325,0.044321424423069467,0.12035372652225997,0.0646989391134653,0.041812371781319364,0.09778011814329768,0.20761838838587382,0.18509346298554025,0.03513627618469919,0.08174912813367406,0.04860824395829805,0.04572233199955838,0.011063696372007917,0.03112651868037979,0.03195938607304071,0.05908483409806693,0.0012052250673256592,0.03308735364492408,0.09530289401529622,0.07891245133513933,0.08645059509983133,0.07587055031011068,0.050612661606494906,0.16683768101746294,0.06267443749041686,0.13797005860212996,0.04266659305095225,0.0669040036889518,0.006405529925077944,0.019932240360542343,0.025367948094751944,0.05309616584096317,0.02021838045768271,0.018888117694754705,0.018988344513102336,0.09257981192905601,0.040953575508726255,0.008049774728669917,0.0035419956568220902,0.08098351459924996,0.009027018405669997,0.005179974235293471,0.004204919834714719,0.08522300988545015,0.14414951307724042,0.1200526374162812,0.13381279263274806,0.12139114219804455,0.15877272886358088,0.04386622255848011,0.028980969431156866,0.03556220270802446,0.04884095659246234,0.05947580419235543,0.02734057963009433,0.09302693865851092,0.006045818664188505,0.0127101176173322,0.03195128784629195,0.11561987631086422,0.05219876712597049,0.09203325339547055,0.20761838838587382,0.18804140245418022,0.029845743333405374,0.07714835861706512,0.0866642430338329,0.03477180276431371,0.06168824583866192,0.20761838838587382,0.19358805910730856,0.10183589435764681,0.1306976369348729,0.17610784538004137,0.20761838838587382,0.20761838838587382,0.015241118688852024,0.0212553889564764,0.04827906836707663,0.022548967156708195,0.02869084339466244,0.009255540664895593,0.00730509424851869,0.0021548859559186377,0.015528549860567458,0.03925227197127356,0.04273128282225634,0.007891185929099659,0.0305934454311973,0.028010728463741277,0.07507354480686483,0.018343122748999185,1
0.13485319241925459,0.01770816896805705,0.014202732286901163,0.0012409281872718622,0.1561450433497662,0.03693647808227793,0.007991876302536827,0.001893533835603319,0.1542766172516224,0.05785219970621135,0.030289331777945745,0.0011799036142257889,0.116948763662968,0.03011465131289074,0.02222524062447081,0.0007042633586144726,0.033668428268222715,0.02831695101951672,0.04090868820886251,0.009558121764494913,0.03450336993719863,0.021130667930704766,0.024552815847263824,0.026227869771545897,0.020066506022652905,0.05177268042526421,0.11848274107154273,0.04015859079939944,0.01765446702883845,0.02226097141177528,0.03976724314867761,0.02108740623757268,0.15890324803133365,0.17472417295518766,0.20003306528276837,0.1463799936710546,0.009478709687059732,0.029183147292513006,0.1450560412247708,0.11029385974937217,0.010697823978861827,0.0706366328306774,0.21896863627155003,0.21896863627155003,0.00940494467022105,0.06487372707524727,0.18269777348219543,0.15017448141340262,0.010405868477014793,0.03929363125562191,0.03425183016875438,0.05717555899876676,0.004220397122473887,0.052512158580145595,0.11176802343592263,0.06586916126191218,0.034244710147059446,0.07610808453537778,0.05432204428173952,0.13288972966113702,0.023890102970156767,0.0840419092730324,0.02910940690281466,0.059190110022770935,0.004642769520793777,0.03612352715167884,0.022205315497603694,0.08121257843046949,0.005273642379992588,0.04581606257156533,0.0264435991931949,0.08188594851470743,0.0295878118918095,0.013269486913705372,0.00235044228812564,0.06079254322528083,0.014650657485386936,0.021759119400734703,0.003319591757344839,0.07327973700707374,0.05152082550590966,0.08556767359196742,0.0652327832447053,0.11215166222156618,0.024776091844443397,0.03895981826208603,0.028185713622764952,0.05522110966558842,0.03378458458172698,0.09879410187830538,0.03716597041232122,0.10404138959279798,0.011663511328252024,0.02674916101389666,0.028335439449249572,0.13064008528990226,0.09247223937773927,0.08261713645148612,0.21896863627155003,0.16908008310692818,0.03377827381726247,0.05214417388608336,0.13211409852434702,0.09036246601739749,0.028573260785667513,0.18203112611615047,0.21896863627155003,0.2080987577372969,0.10949509029273684,0.14412281504603358,0.21896863627155003,0.21896863627155003,0.040153481687588886,0.01467446585518511,0.06526959177684122,0.016622843637643537,0.040292221564008475,0.02211228447121206,0.023888884893180754,0.007849872369882752,0.018370161141552002,0.04204846889271888,0.06387299802491254,0.013418599685574316,0.02894572077329103,0.034886347450943725,0.0991148051688502,0.017442835824376748,1
0.18962879436420813,0.014062417810509585,0.01753367242265748,0.0009593406723137746,0.20758238438467866,0.04321543093611853,0.016583314801814516,0.0006125268098503314,0.13696334753774353,0.02474175882101424,0.017430501873447284,0.00391191975229615,0.15017315143882004,0.02224363659716026,0.03988746786915005,0.009298907523427423,0.037677370298445714,0.024238199659206566,0.0497276817016131,0.007364473683047625,0.08523499532367514,0.046794298342591766,0.01190540821423419,0.007170912955795255,0.08777043396695788,0.05175639963031023,0.04871131479309811,0.043630087648138846,0.03552047993706037,0.0273899145983897,0.060922003461391254,0.033050987862126416,0.18489032737228384,0.20758238438467866,0.20758238438467866,0.14925747479933776,0.001604494835858124,0.021320930065622568,0.02713866290627221,0.012654201897252717,0.05965180356100224,0.13297638100702147,0.1369406840330588,0.11156229509566334,0.051734287892915315,0.13828967874411635,0.12449702163222788,0.06928248961649817,0.01268895891682491,0.01663171679852507,0.01939593689476527,0.06817188154671033,0.0005203318632206589,0.03937213542454549,0.03523253622098654,0.022875636322793835,0.061493449320981046,0.07582775357321767,0.10100188582681462,0.08666077466402668,0.045371091191533874,0.13003859271448068,0.07480741063811283,0.09522407098189216,0.021032449497557296,0.006803851834345311,0.022711794670956804,0.20758238438467866,0.013102980526358615,0.05986475866431454,0.03711246707888717,0.11601436414993249,0.01151593854670821,0.018279706937855508,0.02910672732353473,0.1028055981865278,0.007348119323659601,0.009191131755339895,0.022598971227943458,0.1341564019767269,0.06056022221233197,0.04111705724888719,0.019082928059992597,0.036094047734499486,0.20685954914059881,0.06236549949741168,0.08409574205911274,0.16402419342362243,0.05216162220016571,0.02572941737310609,0.06296237267869456,0.07493574499182824,0.0101793022688954,0.015748428795636225,0.042554259611818766,0.11269472157273022,0.013512582844133291,0.048480048790555286,0.05230505492287605,0.020886876671425355,0.07127182293493467,0.10323543405793775,0.1980872373925536,0.14746361679487888,0.08888609875333313,0.20758238438467866,0.15094072123009877,0.0694408232344266,0.13975306740711424,0.20758238438467866,0.20758238438467866,0.159619850178408,0.010650480254775115,0.008924482455731492,0.012790204604255857,0.001287007619285121,0.041171717272125784,0.03250261415648797,0.07081090749464054,0.00626562996361658,0.05422762803982285,0.06993684843079741,0.01803978592482489,0.004292045823974794,0.0795088884873505,0.05301960696658543,0.057258009681607554,0.01885054160561604,1
0.1804647343351357,0.06914060125253246,0.06439723211597345,0.000817799299170225,0.19870628422166,0.06496506037107934,0.018805243669123242,0.004609650202376592,0.19148527430577206,0.04265441806011859,0.04522566603190169,0.010513608059785304,0.16174134213621522,0.04070367692031971,0.0206913723791279,0.006694123822850507,0.039916204678158776,0.0687188846570932,0.04871642191276328,0.00348598978571917,0.050341681321786506,0.16018858107536135,0.012197535821174124,0.011676722660817426,0.02761878448707903,0.041775658838361755,0.042693325830000524,0.037809683017172545,0.025951382770330805,0.02087346918374993,0.013896590842093742,0.010650444225359445,0.20333552964251292,0.20333552964251292,0.20333552964251292,0.14376576983396294,0.006629903274873665,0.01861532099623088,0.03979701745681349,0.017374371672230386,0.02369990834695564,0.10473099726629839,0.1527834112405415,0.14872503683948113,0.017725095810275877,0.060531136924254735,0.05208584365956883,0.0361013128789226,0.009179786814040332,0.029181431920236055,0.018055511735709424,0.05126636953158345,0.010813165360619284,0.055651726224647195,0.14548546079542246,0.03227248574104579,0.05348133019248221,0.1463618488514306,0.10825194776059346,0.0869019609609523,0.00988920381746594,0.10679882744842503,0.08327036296684183,0.032088716292119325,0.007061475420249628,0.012590328516105939,0.023549702183457918,0.1726861823242851,0.0888122821746446,0.04428527190878361,0.039471123532390635,0.10907847101047612,0.05814362266421877,0.0259302552354599,0.01685677955611658,0.09142870418191534,0.00298291263618969,0.009475586911664679,0.02717653631383171,0.09638680553771457,0.12209464134476995,0.20333552964251292,0.05187949485332606,0.08731204799279763,0.14890001158678234,0.09735444683926953,0.06725149965182024,0.1259935263027959,0.018266854907828214,0.04594532000328824,0.055785611953977784,0.08100191858794512,0.00680183392206928,0.01541211067334522,0.07350742850186974,0.09931295110868814,0.08922375346856724,0.08349702312403678,0.10045600493503302,0.04672348773746329,0.022334258949249577,0.0629723626707527,0.16037686318816782,0.1037401948510889,0.018396133344016016,0.18335170119857988,0.12991589494774697,0.04498028259835697,0.14280121528514333,0.20333552964251292,0.18255349109922525,0.16541968948790953,0.023430803841472152,0.015575326177095717,0.05413770449664452,0.008356739396765045,0.018201709396662293,0.026233357621394112,0.0942318592694904,0.025949667078834577,0.043455817072189255,0.056743872258131614,0.05158422439078222,0.015844428667568335,0.06158352495012979,0.048239419854136954,0.03712231212142838,0.022834586747134473,1
0.1576627208920687,0.03139765196887249,0.043312396629897644,0.00684518353075535,0.13085507170423577,0.03883633122975177,0.013860116155242247,0.0012596290026510332,0.14124529210768344,0.08222325148818668,0.02189661872252754,0.0034054651192664126,0.15896820098018732,0.056115781849010817,0.01831029490696144,0.0020493154864160736,0.03687666741961691,0.040802033330189336,0.024980415181472967,0.008283488957052419,0.12936842547394817,0.1442784594914831,0.00417303082928269,0.006248061166064292,0.10649104840908634,0.06579036853764923,0.06198274979855895,0.05048643811123577,0.014081003006977578,0.0263846985374188,0.03294368971932184,0.02106400754150022,0.1701169408073368,0.2057019339679213,0.2057019339679213,0.15477462510906992,0.008680257130932513,0.043770880283058526,0.050868507301385306,0.03132778534327554,0.046090858442681834,0.11534303630196581,0.165603645001622,0.12370344047785045,0.017077151330829786,0.09869923773196446,0.0703037485866047,0.02813052516199109,0.009906619427173144,0.011605865346878396,0.01058416334690573,0.05303220330421018,0.0011867249123549291,0.05602322021367697,0.11544271274829897,0.0225638694943717,0.11209652847730542,0.15197108998807712,0.151641213286658,0.12121594356241294,0.03579069528889291,0.10636882999791657,0.04108165453442434,0.05190743338756419,0.006481570881109718,0.00039459651647813287,0.00485384530165722,0.18857106448198407,0.004544157990259706,0.015740006758404725,0.027399905042531425,0.11023885112828577,0.026514599318584225,0.015962708912416784,0.015606137569998702,0.10345867078281952,0.005870938040639665,0.006063601865379635,0.019350338883458856,0.12798852515282821,0.12143143919915522,0.047251679170047904,0.02149232938045556,0.061896781917184084,0.14628391596322862,0.03585354108077303,0.04927364128757435,0.10478948157339152,0.01656563018679862,0.018982341784705484,0.027395775290346234,0.055918148528801004,0.005457970319762716,0.009089217438642464,0.05899047465477328,0.10220947247616462,0.06794029402317996,0.14402984502996474,0.07281336063804583,0.03679031409649597,0.04514048258994381,0.09918031258907065,0.2057019339679213,0.16760584225374847,0.06472781826352099,0.2057019339679213,0.16727565257393995,0.05732239899753574,0.1436583617826423,0.20001148286861728,0.2057019339679213,0.16862958282759655,0.017707267296807494,0.04145990415128123,0.037483558955225794,0.0059377582173414266,0.04126906597814246,0.030453639841861217,0.06784711653185162,0.02754836990306946,0.032790223029968556,0.0857220246324361,0.04049697777464985,0.0059730379630268645,0.046952471655687965,0.0427530061215869,0.039648880058768744,0.010205593098783801,1
0.1375397094257906,0.04997415098107196,0.03267545941116867,0.0026520417559552545,0.13631461181196305,0.06203933515826125,0.009088790907021974,0.004020111470990749,0.14992551433334053,0.06974930870141684,0.007369774725067368,0.0008506801092647945,0.13106880555313286,0.023454496866626085,0.016023512911786428,0.00034356256545727297,0.029627005768358486,0.05774020952392269,0.054153866741154764,0.005590167498836122,0.046647666061218715,0.14743395568346115,0.027175341999177805,0.027312012891135034,0.041655957477892455,0.1402767462651129,0.08767116775955097,0.012013378235861818,0.012747385453942868,0.018080501706063703,0.021582046069999226,0.001100274608103413,0.15414817484419083,0.16947143589609603,0.18300466880265573,0.12689723243092815,0.0031275699169640886,0.04131930652367981,0.14421011243821494,0.09424530965145791,0.043721269399535675,0.12196949264929435,0.2161819340936085,0.2161819340936085,0.006317066610829802,0.028839954184710564,0.037376844401935755,0.026526328948813616,0.007328026596115544,0.019941526274149874,0.02100787248982544,0.06682388061433675,0.011117488871782365,0.03599031915746914,0.11460345662024544,0.05264717222591092,0.14382378789261605,0.11437499548898022,0.05537046434373742,0.11267543976432329,0.026507267237662425,0.10456486550339401,0.012517934349027576,0.018104226123966668,0.002578694261659036,0.006245413822939488,0.010777962481487172,0.09247514966578187,0.030500333739925268,0.007943938527864403,0.021052577432093985,0.06927486830246955,0.05114001533880852,0.006139029421626067,0.0057364099669594965,0.09416124796944159,0.005874400847056522,0.01731677761717416,0.008890554679982518,0.09325913574086504,0.12014510206653511,0.17319066791893192,0.0740625329710734,0.08694814704609999,0.18336103157067565,0.08580923775142385,0.055110269850149746,0.049396451216411105,0.014975959762237687,0.02234523274708872,0.03413728242453283,0.10663905351243565,0.004090221637274501,0.017026841518404244,0.04190262123794313,0.12163298369238577,0.05629953791779371,0.0966430660339123,0.19040229453534296,0.12392590231168503,0.028854305876940448,0.08936637721579506,0.14449740213316234,0.07832214548618849,0.03468699556423432,0.18070977331407032,0.2161819340936085,0.10906746230065612,0.10907955843184679,0.16934103917567794,0.2161819340936085,0.19884960011109684,0.013457589825732226,0.010965946046351219,0.03568119918004219,0.0294952116451613,0.020835920153193667,0.014043095967121375,0.019295644522317086,0.019709346425852495,0.0221151611492065,0.09332529164143682,0.06243996915392574,0.007530001796045142,0.049468998024201224,0.04695361748058314,0.07087755557270263,0.012876329102048091,1
0.1969592825750196,0.01144240125353989,0.03905615806865992,0.005127800584330709,0.21091146150171716,0.024712080777672306,0.004382414163706925,0.0008439656017316695,0.21091146150171716,0.025928114257134195,0.0015482565893726893,0.0002983218980700811,0.16579602160469106,0.0062331077446534005,0.00018859316623779618,0.0008242476039501096,0.04127350773362165,0.03065888293615311,0.04344658786922196,0.004635628859329589,0.013998936150874709,0.027419136804037084,0.02749458180183793,0.006045545360366104,0.0204410726657047,0.026643983409450848,0.030163913428011866,0.007987831688028225,0.011139951064203768,0.03403851055626079,0.027314069648592388,0.010621449855430825,0.20554874042302856,0.21091146150171716,0.21091146150171716,0.16677304431289888,0.004158043998886379,0.020285338022110255,0.14277864975483726,0.09809218906682121,0.0038162148871314573,0.032782050491367,0.10825573732195269,0.09029085603631282,0.003461132835312369,0.09490319408845038,0.17783281790979563,0.1425110675996919,0.01877084648719106,0.020921523159553455,0.01576946152685308,0.06243163652745154,0.0026012842837673175,0.06746346863007018,0.11925541859291447,0.12106719319489313,0.0037399534298279517,0.0193973028412887,0.038446579214610685,0.06958618204846966,0.002276846557620987,0.04339704459592969,0.029622218853828337,0.038305617190102455,0.012469308325229323,0.05080310244438589,0.019297956003285526,0.20017830598495048,0.015129294921728239,0.0392600845358326,0.021958198670857774,0.11868877824142081,0.020106620730038355,0.021677996132268795,0.0065727275874602675,0.10269912049172153,0.013264013897060778,0.03236684245284495,0.01719839071683236,0.08869991478573969,0.011103579199766324,0.06299316111127727,0.047224740925024995,0.08904930213181529,0.027818222374475298,0.04510264403506155,0.055271042306529974,0.08297154260927744,0.02865907675148179,0.10856696204520776,0.17212079866710517,0.1005924160551678,0.029607639697379336,0.09633041172705752,0.09365099355650669,0.05929550762573478,0.011162778311992201,0.015389987842563672,0.11135126660826962,0.08874605324347216,0.02375227185311147,0.028072126182281228,0.12189274333532434,0.11512483574083313,0.015447185569243215,0.10561832456612479,0.21091146150171716,0.21091146150171716,0.1820222329124705,0.21091146150171716,0.21091146150171716,0.209784549809066,0.01868775366261069,0.004339597856671127,0.04693212082676318,0.014243467798805589,0.022257136345053087,0.005613533756220727,0.021906568512886068,0.008232112544582986,0.029234346162576974,0.02071745665155169,0.008818166424211514,0.019690420967053736,0.07362014922209217,0.017498734807782607,0.008517334683826403,0.01892635521992355,0
0.18812095969457324,0.005588157292187111,0.02338348453156818,0.005783734321506018,0.21199396444645688,0.007522413261162334,0.010595879057767144,0.01193517241103823,0.21199396444645688,0.00494445600888235,0.006088659574303975,0.01456610164252581,0.16114671182682466,0.0007491238855289186,0.0022710981135305153,0.00041359115621276185,0.05094055420222272,0.02165131948091401,0.03811007363326898,0.013497038633862415,0.017380653749983023,0.009780873330734475,0.05327728748913519,0.03731050973762058,0.013022583276919575,0.011353229044697457,0.04427269989537688,0.03790706991131065,0.0060948391628295115,0.0327701601512119,0.06574066498096438,0.010578608029724393,0.18253083253383115,0.21199396444645688,0.21199396444645688,0.17944881900662166,0.0013121781449305398,0.007997410834807404,0.1156913011515804,0.11208857332083992,0.001289560459564739,0.004892025209703591,0.0632597529273276,0.0632511936358651,0.0014706682728531453,0.10912321553285174,0.18838815689215863,0.2075328032802153,0.011735009683008708,0.01730086422830711,0.02403699550898242,0.04543901294528605,0.0008843370853655317,0.04274300781146596,0.16156522411359892,0.13460260916273795,0.0003120625926711302,0.006818340213077565,0.04375035439272706,0.0837209351651386,0.004554286812222699,0.040816029244974704,0.03441807252032865,0.05830613496570084,0.0007812322610811073,0.030466315791048283,0.040967712093927106,0.12842791312256308,0.0011014261046281184,0.039535731594921304,0.09276300349593743,0.11204798392830435,0.002737263782166815,0.013320936896942493,0.027949186738588785,0.13602720323157816,0.014276101221723961,0.03360246556446832,0.0035002332847434026,0.05632503546512137,0.0030200768980241004,0.0367733662815686,0.10560764657519367,0.15311146656056385,0.006681416384648823,0.027741775868135986,0.10567951926741115,0.08956123400859346,0.018095407817181754,0.06577712962199689,0.11424825368581426,0.10746091930827771,0.04593572443344077,0.11341372259821565,0.09021877568331757,0.08726695591323136,0.009129963238217758,0.00970315784582519,0.12502689057384095,0.12858036387434932,0.010145262224816851,0.017084664429827326,0.07521675643634196,0.06698985141990531,0.018298918343894677,0.1143392328730993,0.19710835033053925,0.19311978975854383,0.16350608195540647,0.21199396444645688,0.21199396444645688,0.21199396444645688,0.015900971405030783,0.004973643065772471,0.03749850985943717,0.025608612024363552,0.019610381113631385,0.006612720576679734,0.031029291097619177,0.02689948188305963,0.030415428893246294,0.010422932245132275,0.010912785275984445,0.01895416384589371,0.04415048775109915,0.00991215928549738,0.02349972267115992,0.01972384777259563,0
0.17896964654151318,0.0236587568764311,0.04533921576197615,0.0023006007082093725,0.19683777120496126,0.012666724107347215,0.024295036525547802,0.006847259650984967,0.1735968278202312,0.03327947530591034,0.014872062500673881,0.004067457054068913,0.1100842832330434,0.012303100930423949,0.005583961629322217,0.001399642150474739,0.041046916362483206,0.01266344645107924,0.03581959109259757,0.010332812768823453,0.011929078103860676,0.030609462805923134,0.02839575940015509,0.011153062692761638,0.015133496497386245,0.0383143575280783,0.0983045577184266,0.0208304575993237,0.0154466650853075,0.10524292464300411,0.03650088891226501,0.006209323044534805,0.18640231533121465,0.20661641475449802,0.2027382525764403,0.14696101350467458,0.00668075321428593,0.03321704796973842,0.05901050904251694,0.019145127805406708,0.013401819116581564,0.06892483498557436,0.20661641475449802,0.15338639333511034,0.017563945953339644,0.14342072993031016,0.1745761123464994,0.16791338100705844,0.008791330231765293,0.016890918441383324,0.0186218525112282,0.07939659260157016,0.005195385741880723,0.03664085979009657,0.05778117536405907,0.030751034943037922,0.011199205541184552,0.015995688034755536,0.038902217064932826,0.12029556251899733,0.02142018214393968,0.026105024757556886,0.03387769556842069,0.045979184055917374,0.003314401815089257,0.0190488334032744,0.006380497410878536,0.1495987244824992,0.009961233544449135,0.036760238374695234,0.05466570066946524,0.08816504269753932,0.058099541459460655,0.03929673501708081,0.015669521043263468,0.07482737460790409,0.06152130346487419,0.038451976751287545,0.011197130816066124,0.058691266789427,0.03747020661707358,0.15330274335294317,0.04112025539499275,0.07706784495314635,0.06076834265646601,0.11340724381018967,0.15580944136489883,0.15056941846134242,0.10799391923976663,0.16852973495080936,0.11505798054531535,0.08057000891395866,0.0274155160882869,0.028978202800633807,0.06477619714849094,0.07621656942018253,0.025278147572899454,0.019180080415158906,0.0983088438170407,0.07247035202811414,0.04791601446421725,0.04961730415080681,0.16322605386008615,0.11467289460559718,0.03655298434215468,0.1684906236719335,0.20638606777212917,0.13901802965470936,0.10746119789428499,0.1772996375271248,0.20661641475449802,0.20661641475449802,0.017308725768408233,0.010353052590354182,0.031015186122617056,0.007723217152265265,0.021890825979732794,0.010529158640027542,0.04655544270742763,0.020612595387098427,0.03552740260729362,0.04396774252747295,0.02782130479652948,0.013604678176901386,0.10283019114257697,0.025123506357896477,0.020312742772928803,0.01145150854322693,0
0.20073462790013066,0.009948337378876942,0.036206289203716775,0.007246547544245925,0.21779637868267207,0.014391840405192818,0.031232463569456585,0.012229379149389394,0.21779637868267207,0.004809695766227795,0.00272737136303683,0.010299919170617856,0.17265538342705758,0.004776734289565619,0.0017954775252973403,0.00019185719666466717,0.05395955892347747,0.023115499265613727,0.04305331064869138,0.009322242879655924,0.029044676590696743,0.011175535124226471,0.02697743730923683,0.014870539954991721,0.01782731001843295,0.008051686121507032,0.013503980949255746,0.03006282346705195,0.008030179485400668,0.03129307142383273,0.02339576835596931,0.0033410838094322455,0.20068952011025548,0.21779637868267207,0.21779637868267207,0.1510932930924335,0.006951588084692927,0.023285090704813223,0.07204761603409783,0.05461719817272955,0.0037459626619396865,0.023788315262639068,0.08209827896266865,0.07722499037038792,0.004183953572076487,0.17063781961823477,0.19633018235435393,0.14278134189363376,0.01092726608628671,0.019384357292693628,0.017027359316724583,0.0663057374154955,0.0027971761507029863,0.054277075809192936,0.11209459302709197,0.04166732943857522,0.0020444332910791534,0.013732666492487859,0.08319743140746363,0.053977756161605626,0.0038729115486710727,0.03245428917191329,0.03761712166238602,0.05085263913134636,0.0010171282076656529,0.04353650131977506,0.024325862442666192,0.20586057430429167,0.002326918417566107,0.060788507140651205,0.09698728501001348,0.14201414455148342,0.006815653707893804,0.019581492957700678,0.086891394654557,0.16890346227696726,0.017041338720672386,0.03870341724237801,0.02708463201471505,0.07352078112239537,0.006946604474260146,0.06807672319485437,0.07174833249643985,0.11274658043799213,0.005579312769351522,0.03702223018985178,0.12502433861680018,0.16073743001741614,0.02373565230297126,0.0829108657124956,0.050142573816169544,0.05161857646735497,0.060712687205447584,0.1026468187669613,0.06489118334556365,0.09386664287044519,0.035469935500880345,0.01595436260761803,0.05886642038085297,0.040788422088594116,0.012961061348256689,0.012275314205677894,0.08626504152147237,0.06319287826693328,0.01815078141342865,0.15318368113790143,0.21248831569032872,0.12681460777892542,0.17986211422957146,0.21779637868267207,0.21779637868267207,0.21779637868267207,0.03125317447848891,0.006420467994431769,0.024888429948379375,0.007917831707894422,0.026755831257770625,0.00839063170670799,0.05402286249531314,0.02227215309042605,0.028561701066892143,0.012663995060664294,0.010818202053221475,0.004707887323153303,0.05003510151380707,0.014148149699380927,0.01801799347878001,0.009696889304388296,0
0.1786395161599339,0.0018282310863886183,0.028394827332166216,0.015021272439507662,0.20768838981717647,0.0074240409713523,0.003003654976459684,0.0009974603775625731,0.20341145499488045,0.009520573587725874,0.005360558559880518,0.0005136740535965146,0.15234274068522827,0.0026970558798930025,0.0031852422163671304,0.0004110376823067377,0.04041383117596874,0.010724313368315827,0.10350154506544554,0.035696490053829334,0.008903923201812545,0.007554509368615012,0.06579529651951171,0.012979423877617483,0.009297066980583092,0.036602717077066096,0.039237679021670656,0.006945561613661866,0.022759136941382305,0.07523229831604952,0.03246652085094803,0.005140529569092821,0.18537845692258803,0.20768838981717647,0.20768838981717647,0.1451375406492749,0.00012841268932517615,0.012965292381643938,0.08961573781194328,0.07323074137140548,0.00376857552824636,0.07013528790641257,0.1660864299490097,0.1319407617548275,0.01641300831656496,0.16133352620332855,0.15800833734899708,0.11597947990219798,0.00893789072732879,0.03364456996515034,0.06528965943250407,0.11418691456542562,0.00014876937173081555,0.03352250931310059,0.09748878559985709,0.16791325576807153,0.004387381770279274,0.00729722940635746,0.01567620103629829,0.06145811725239164,0.007677803063540699,0.024009483530358974,0.02229614184114529,0.03660134930235962,0.004385983008071666,0.06344845523653433,0.09850791117216304,0.07540089242940255,0.005553638624244662,0.03539204001177806,0.04792109584985007,0.11941911648317788,0.02812204788642621,0.02479090950669404,0.004553269091119863,0.07052419908862893,0.03530850801891972,0.04679275886894942,0.03521143953296378,0.08108703657862144,0.011008160475001447,0.08367943460025516,0.19302782029317112,0.10472966652303864,0.03194074233488337,0.05211240637837757,0.0367793289277737,0.02038710576981471,0.05593639779719258,0.16845342915094216,0.1389564755723607,0.08052525560894008,0.04846564076813728,0.0726530470593257,0.06740418733482702,0.054827371006019185,0.010231203796029589,0.008208936567240368,0.12073939314240895,0.17089525275755707,0.020201016291398328,0.023549197771753246,0.03933232505584866,0.040061992358979,0.015541778388003002,0.1463708038844439,0.20768838981717647,0.20768838981717647,0.14888096209215113,0.20768838981717647,0.20768838981717647,0.19450034271481964,0.013165128462307163,0.0013668431183755229,0.04529335983439733,0.0377648685464589,0.016617976183194078,0.006906004555675007,0.003032234659333002,0.002059039655451785,0.01292053635511204,0.011397146834332721,0.01223597485837654,0.011404617144313048,0.0342386801876495,0.009660398935088266,0.00966837448165765,0.0152032791423699,0
0.18502568214569193,0.007557371820522672,0.06443694124234035,0.01175165939595854,0.21450546534628145,0.004546308658660801,0.022002994424107438,0.008316029039008334,0.21023638106095124,0.002107828108486797,0.002421175012285858,0.002768776255172718,0.16139079688287286,0.006906828683631736,0.002769346054961878,0.002583726318610846,0.04020152082747201,0.017130230826825108,0.05086655894610749,0.012774626749744599,0.019252142811315327,0.027948270527137258,0.0211796830029068,0.015580560449089368,0.01920309747954472,0.017500542918436765,0.02274641896373639,0.030445116207478005,0.023438910472180188,0.04305324819689201,0.0255123377452634,0.010524407034292586,0.18121639902049827,0.21450546534628145,0.1981051940791308,0.13985756859965487,0.0021739749739180247,0.017637313462248762,0.07694635635727214,0.012438781727742477,0.005475213307338343,0.047652691458988296,0.12201939967021239,0.1308239003282283,0.018595396839474736,0.21450546534628145,0.21450546534628145,0.17476396695542837,0.015378946609746437,0.02661865382294149,0.015412026899453958,0.0810120010532081,0.0015093182306775478,0.05144644807796889,0.1254975190964674,0.03651899078737789,0.003080863914505078,0.012738269340152006,0.10678020671811973,0.08563573665762113,0.006636087376719424,0.026818440550275498,0.046092650139610725,0.07891108970044894,0.008875051272164362,0.06340330305178123,0.02939700898044319,0.21450546534628145,0.005584492861913977,0.06485252054316178,0.07243167734561014,0.1381998610233475,0.01040244263141561,0.017170251796854004,0.051066335227424826,0.11715869371073136,0.028694195430234947,0.017023027222400112,0.006444222284178199,0.06512708894348916,0.003917663177191802,0.03257909333967135,0.03052424219224904,0.06448638474588995,0.010596966069389015,0.04364042569995559,0.06277117576307818,0.13500294650846023,0.043283680243080734,0.08306218001075019,0.03943944931347857,0.060103622166939374,0.07441527193117405,0.06545490885545205,0.054061963339236456,0.06266757681832648,0.006787609439159207,0.006398976822811998,0.053070521266233024,0.03026311709988204,0.006102156292170925,0.016640765459733836,0.13293937815859305,0.10212484845403517,0.04769357908012054,0.18566256744318566,0.21450546534628145,0.14363156829176452,0.15675107454757228,0.21450546534628145,0.21450546534628145,0.21450546534628145,0.01674200403528307,0.0036301880174200636,0.0414867024959327,0.015430998370584495,0.026596281511785464,0.003201018771609201,0.079520083365036,0.03160628953034866,0.024260414320560735,0.023375872919824993,0.028059757619375413,0.013366144159213172,0.034849033779670455,0.01812537794128563,0.020581065038590526,0.026550742996829878,0
0.18653622853019447,0.0109918797660391,0.04148340937157758,0.012158883928117838,0.21026445959433537,0.009715268904263415,0.018682448549375775,0.007921248744116108,0.19967744164571843,0.008801608786388745,0.004453331448734573,0.0009407084413788711,0.15386832322542526,0.012730601196696513,0.0008946450500471473,0.00043204441975379804,0.037093321758133846,0.01748539341126065,0.05398945267847825,0.020991012640678264,0.006814343857946026,0.032729583920633715,0.05135682109402717,0.027267258508394735,0.010913714253643925,0.05061352416052777,0.014954931183353407,0.010167931241186643,0.008214624870555267,0.03451745248868163,0.00910963660648285,0.012245215979740548,0.19300421505771698,0.21026445959433537,0.21026445959433537,0.2005090902280587,0.00020663535049043378,0.01513492671075018,0.15169636588463936,0.08055439760248376,0.004099691737916698,0.0756529749328171,0.16932378764839742,0.1367146906653494,0.007612798620101228,0.05423600251997261,0.141936024375591,0.1577627148860763,0.011428293062496129,0.015371577931327497,0.02748168094949936,0.04548603562797757,0.0002540641060780807,0.023378030219822946,0.12847725802320561,0.11293888451452085,0.0055349031993913176,0.017867089027082,0.02752650120601583,0.06587371506554399,0.012025645540197562,0.03297840743537887,0.07354622380486434,0.06355930541041176,0.0030924275977637604,0.0173555610104735,0.020051783811581195,0.1400059011123757,0.0036651265373070637,0.026426541812579512,0.04409763605526997,0.15551466148576357,0.04210434836854811,0.03685121338085566,0.012968396128498252,0.10722561107412733,0.044611093893803765,0.027276567273406466,0.011438717683117937,0.0874781707587125,0.015224330405547593,0.0944794201425778,0.14019121230305676,0.11963991741807065,0.02706515353791412,0.07801648031085252,0.09333060547931496,0.06665931686061626,0.059586169613078666,0.12463128044282815,0.07635029544531814,0.1250873132778883,0.030375465114041652,0.01816732089907407,0.02717977029625177,0.060353648775271135,0.01811578670257848,0.027724916971066084,0.15501899962980814,0.17402281594759367,0.03851132575521785,0.03479996928147827,0.09004661175447147,0.07478339705024475,0.01562776965901482,0.12866097485822564,0.21026445959433537,0.21026445959433537,0.14892774819608293,0.17651956373668898,0.21026445959433537,0.15619220430766406,0.013423515287842048,0.004243416040126126,0.03088276145144811,0.03316435242545421,0.02433679228021852,0.01935083457216618,0.02397424736042416,0.021864901111699416,0.015337017553137473,0.07858454530021333,0.03924378960921852,0.016691305730439695,0.034365395658140695,0.01402061751820844,0.012229425726706237,0.004652189296659883,0
0.1890771477967456,0.012166421824938317,0.02638517528468362,0.0026395945777435335,0.21570833863931074,0.011041345274152998,0.02786348821251644,0.020130836729771312,0.21570833863931074,0.016011762954761425,0.0074794229099261,0.012770907086348468,0.15133178658188218,0.015537660320905086,0.0056237983025618325,0.00016856873969263285,0.04619942707302829,0.02618612690979913,0.06798531123039482,0.014258440749301384,0.021342881635192414,0.034277765403075394,0.04730644190135745,0.012865984969981457,0.023868081232033645,0.027786469685554382,0.04774031334862454,0.009951435953433702,0.00513049334500334,0.043315947968863164,0.04593383428208302,0.008281345606894816,0.18910142088267615,0.21570833863931074,0.21570833863931074,0.16564824521817909,0.005092907062832205,0.026399937054385283,0.05876130537832442,0.031875832293135446,0.005195105521556862,0.016335645515967025,0.07669291510945604,0.04980870594265692,0.003191652459730994,0.08583395254313979,0.1919534676531719,0.12162101690390173,0.013171317398000626,0.010224847058919085,0.022990375425553947,0.10756717747900602,0.0036788584381008123,0.07400893051929328,0.07266519461108922,0.036896535066290266,0.0010161243717775256,0.046255671225273756,0.09521954763780874,0.13739734566649295,0.0026687349776555267,0.004831820369711502,0.0348473856581478,0.08169425843244688,0.00659413538351379,0.007211934434631068,0.013791792698015082,0.20082397948388916,0.019445575634807363,0.08569868069270034,0.06565880930689721,0.11683256250783514,0.0175322852484595,0.03464074974588233,0.04551118814893411,0.10854072094113758,0.10959190879167287,0.02601740393370003,0.002835818482303258,0.04981913806796667,0.004794675005247508,0.05452091985338605,0.04782241814109375,0.0803047200481572,0.02583910198476096,0.10550282981579683,0.1270468628911196,0.17523223137857474,0.06470156441519037,0.12329751182262351,0.0776061979485394,0.0519542091271838,0.13351054382409577,0.09223012792823287,0.0632818255529294,0.08255724375662046,0.0021712433040784514,0.032991314390521616,0.09595818717381116,0.0636733392999212,0.007166194629445459,0.03829000309277158,0.19844600630961823,0.157035397080982,0.056176163409061945,0.14712571944800437,0.09984429537578639,0.0721496542810449,0.1333062827108395,0.21570833863931074,0.21570833863931074,0.21570833863931074,0.013646184978575353,0.013042950626536329,0.03939432769362019,0.004355556739831946,0.01271444772915703,0.006293400206249183,0.11439144959429155,0.02469438433121868,0.02347399668588717,0.01792716508204059,0.01630735091682411,0.014350534396636359,0.05907298199655262,0.04847058586446826,0.03467170703047051,0.018235352169026598,0
0.19590144644957821,0.009538115945656893,0.02695352212396716,0.0040683656969542825,0.20994216041547986,0.021278251174261218,0.009433610327623616,0.0011691219152451852,0.20994216041547986,0.017494874093920438,0.0026527467732853135,0.000864857859476106,0.17581511768899932,0.0018137674172627428,0.002450069452276816,0.0003323395111876574,0.040250597851728326,0.03129608437376319,0.06109313685395932,0.01485494641997089,0.01394222385881391,0.01688484691039333,0.03252333365957751,0.01480663427290512,0.011721830837631403,0.009408763156257535,0.02367557227364442,0.018780509858967485,0.014857449525653732,0.01928318043651315,0.04064906717600778,0.012814469325008423,0.19625095600562037,0.20994216041547986,0.20994216041547986,0.16105898517390735,0.006482929398619189,0.033246213531431694,0.1364285436387564,0.08774599251606409,0.0024222774263189047,0.03803221493301385,0.14278985076651707,0.12349303280174123,0.008541675021163656,0.11970065304078195,0.16465738997404442,0.1314049312086382,0.015396357258339039,0.018263969357878492,0.024333732807827222,0.08845787401534144,0.0038140044718205667,0.10052116529841991,0.10567728185668765,0.060342709938085076,0.004205394072914285,0.034943227242654896,0.07010817622979358,0.06780800293225955,0.010202826837246505,0.047882586178740416,0.02758397793128077,0.050642040633705636,0.006595564663067517,0.026258281414658025,0.00850568678178334,0.18275892274530442,0.014240131017931304,0.0623344541866392,0.028609961396910622,0.10285784380197618,0.028049323646362572,0.03003806845786648,0.009813290795915424,0.10521284485615692,0.03992585588409405,0.054636858582569205,0.017008603346866928,0.08062390053293368,0.018859922098142294,0.0981170104272564,0.05911176810308677,0.0676543255798442,0.03142814007503317,0.07970575656485113,0.09442270903127126,0.13251995544584202,0.03885323382642319,0.11555463373097535,0.1256295778494169,0.09121335613731306,0.033153220646194304,0.07566799432524805,0.06369390048636692,0.08403066188958556,0.007900104318415379,0.0220805365480346,0.09296418785966021,0.06352645805493824,0.01040105535510278,0.029966209536399443,0.1933894302838139,0.14848057726815392,0.02050437222804548,0.14213059965205083,0.20270653784535936,0.11526434760599019,0.16614048247497434,0.20994216041547986,0.20994216041547986,0.20994216041547986,0.013536987420874239,0.0054520178618327675,0.023245882278682992,0.009245721200538402,0.02219096525220921,0.013082198789229437,0.04569238633831521,0.014392331525549733,0.027743719014645868,0.0314092645160269,0.034214407785057084,0.023414209461413597,0.04305568551258934,0.012567164697903456,0.03809925404172473,0.02712562039046389,0
0.17656935964297735,0.00392864083024026,0.01725667414487059,0.0034914098875895366,0.20623357266296125,0.011639981753456423,0.010959054297114515,0.0022920009891509237,0.20623357266296125,0.004208104417353033,0.0043224735712228185,8.750716994665824e-05,0.15361806534997832,0.013315083451548583,0.0007364425605627877,0.005254768199474527,0.038019056995522514,0.015465948652340536,0.05780407296252902,0.008407929959583125,0.017380731964063808,0.008253573392028162,0.06644513296316237,0.01105297693243117,0.015082028749050968,0.060660371158473475,0.08592162875437985,0.012754062475173827,0.01502122810643558,0.0990109553492262,0.0371988651559964,0.010560238843214125,0.17581417451074743,0.20623357266296125,0.20623357266296125,0.15369313523819508,0.003999363123109828,0.012151288405706607,0.10753933098919075,0.059690405671140576,0.004416446149542278,0.07497720724667606,0.20612684907419535,0.19368496545014421,0.006303773537174338,0.09243300351070632,0.11933923627104331,0.08101515172925342,0.008020795284826165,0.023816597781957688,0.024619817261715735,0.06838312663660424,0.0013006476248135395,0.04536616874245426,0.11465942088145845,0.12651593557923707,0.0038049791448651364,0.005610341843926947,0.03147128049682458,0.10494644465061297,0.00710665992595461,0.009327412154448857,0.01742169395238049,0.029809299011030556,0.0009705643500235063,0.044368497911642255,0.034872611738679025,0.10709272686663011,0.0021402187190278595,0.04678355462183809,0.06658435631721935,0.11921468265231568,0.04886460825881653,0.03763357965517839,0.010698513861446143,0.08056722131371684,0.05477658232057403,0.04084375153097168,0.021000329377962573,0.0913255407807727,0.005169590588209565,0.042386383217717,0.11505661970176113,0.1366954571063829,0.01150787549694184,0.06636965378125467,0.08916924434989217,0.05549226716143004,0.05199481720831304,0.13681927127806418,0.14102244876762615,0.06792861669352913,0.037442712249286296,0.06814679408701559,0.1502946434536367,0.062026128080198056,0.018646518106325425,0.016094654355066476,0.17133242665267073,0.1342584030642485,0.01462982271357265,0.041327067818416344,0.07860572632300722,0.0665533341062369,0.014700514483633067,0.14258324446253046,0.20623357266296125,0.20623357266296125,0.15156510253194594,0.20623357266296125,0.20623357266296125,0.18605351082886035,0.01985770285235864,0.006012919242136286,0.04455746723717336,0.017532651726486086,0.021545920039749682,0.010155243041166318,0.025574039156149225,0.010344417787532964,0.024593864539119496,0.01688749699075999,0.010818475628153608,0.012799821278773235,0.05478434400568631,0.03577899922230134,0.0074696129619545495,0.022600430763963647,0
0.18498179269169512,0.017660413838426862,0.05379526073237313,0.005113677694089124,0.22165195693234752,0.018220964839018486,0.029024594092557997,0.005122115390056524,0.22165195693234752,0.006728084549354445,0.0039406201433272135,0.003109154758199315,0.20289994843084463,0.0022530468131886938,0.0011014507214950349,0.0014516578332841599,0.05604142999383704,0.019360635022940272,0.031126997750782093,0.006158563854616984,0.031196790887536963,0.024032639559837823,0.016039176007910556,0.018909840147066242,0.027810631137512722,0.01808002666379808,0.017862516251593075,0.027132667977973538,0.008340790326524508,0.02074355499978433,0.020292125348036306,0.015903430498168638,0.19852864174720358,0.22165195693234752,0.22165195693234752,0.16462538000552915,0.0080026386066123,0.02235039608135656,0.02804816350404878,0.022001154904741266,0.005858387444192924,0.017311102809780446,0.09228314914296887,0.08554197308006466,0.010926579328495598,0.1730356527301833,0.17215653281486268,0.11708178663823823,0.010540662064025284,0.01264119372534173,0.018560885406836248,0.07642284604146748,0.006853650721378423,0.054982254815794364,0.060934626969152396,0.03165672946983903,0.0021097945574344327,0.03835646271038473,0.12267057164254792,0.06643249401991874,0.014661011822568269,0.057235385582606164,0.07728753383887885,0.06433718678128587,0.0009096442938713209,0.013807937331572507,0.048494913768092306,0.22165195693234752,0.004447823287406177,0.055022512795500564,0.05617062781230347,0.17303408890710517,0.018252809428494388,0.04647953235756296,0.08530366546833544,0.12294159842240669,0.045856020237775956,0.04262304135226144,0.010359150229428368,0.06423059083254194,0.009060637123492234,0.0296532509405018,0.01822211252170171,0.037526915617377886,0.0027414606929855668,0.03655128892756281,0.08971481669527695,0.1708433569530911,0.03345708049961142,0.06236632447258818,0.0587020777212664,0.06986935110073268,0.03446752059431956,0.05079959065518179,0.0668638729743704,0.07200495548241846,0.0400996893246891,0.016744743817729328,0.01415637878150302,0.011789962299921146,0.010271557060582165,0.03533685881446026,0.20455007138216627,0.1511099434686212,0.025076412203894168,0.14549576615025722,0.15224843821752707,0.10350800973632394,0.17077555603479597,0.22165195693234752,0.22165195693234752,0.22165195693234752,0.023804843782566393,0.013415305195564614,0.026306486068569328,0.001306873832692423,0.0223876707785789,0.009194115215674772,0.07819114824085192,0.01849032257711609,0.0322879293677545,0.03699087684724711,0.024851225015369644,0.008097149846626616,0.06628034074776552,0.03259545005653144,0.016249388652167136,0.013337829256955923,0
0.17826779334883885,0.013264512045646468,0.03620412857364651,0.01004720548880457,0.21627842077358048,0.0034592085491691607,0.03985113867789189,0.01350799275351203,0.21336534916675046,0.01015307155346411,0.005639722843796336,0.003465760813869688,0.15572258297360986,0.008746541055041144,0.00761378825758708,0.0024244026393240867,0.04826782766614901,0.022054885608080443,0.04404172719384896,0.006793086779483994,0.011853703376704664,0.01971757750931471,0.08047490999517949,0.015097650422676136,0.01424728765690867,0.02867047046343641,0.044710224917745636,0.015280494257416182,0.010892089689551767,0.08743656613759081,0.09839864113439581,0.015403441487863153,0.18898837585343203,0.2099080862490492,0.21438610589505988,0.15084280341273273,0.0026573076959617694,0.023481860088031697,0.06925092483748797,0.05053751555261143,0.0026673440677825676,0.019529561489567623,0.1008276320970046,0.1243879714148887,0.006669749957766655,0.13097892135340977,0.21627842077358048,0.21627842077358048,0.009992489134188291,0.01463128360902572,0.014679253881846288,0.07464654835851744,0.0024501375024162243,0.05400647654352955,0.09475621937997826,0.1026730269353867,0.0021589711693804606,0.010979640540277585,0.05284559133389383,0.05860945105203097,0.012549239336680382,0.02562219524156876,0.01587766269356778,0.05608591527222089,0.007948839410705465,0.05309066985196814,0.051622258409052574,0.11952046482204597,0.01976497158713626,0.06901505441937378,0.09821348765784434,0.14361242582092199,0.016077673144232262,0.012032304053547972,0.02437154057906796,0.11106088517221813,0.06469370964540826,0.027028066819130905,0.0022037107501218984,0.07697286120289878,0.016805953379958587,0.0925007112687703,0.12803703564544097,0.14743727122037212,0.04573043753580784,0.08144550478881685,0.10050286618021931,0.048949497735287804,0.06108965830202592,0.12620318365579267,0.10669345706624055,0.0700650427543515,0.07420259733870381,0.1242700985385805,0.05865775149200945,0.07103792204874475,0.001991181972891074,0.009225812613832663,0.1464237234731896,0.12105705151587431,0.014642257695412903,0.011280835770655199,0.038035977422287745,0.029770585624277816,0.03939137299830537,0.1163307936486811,0.15918449450574992,0.1313082480432637,0.13348791471959595,0.21627842077358048,0.21627842077358048,0.21627842077358048,0.00760066335050935,0.003428290465327713,0.06378795685431045,0.05959724555564445,0.01376081507742148,0.002224567417917582,0.031834007361055745,0.03873264376448975,0.01958939477631729,0.01017406918258037,0.01603591763128949,0.01761723120090691,0.04159083238507667,0.02145614372283016,0.03132534482055985,0.02088369353634823,0
0.2235076023438472,0.012285420440741927,0.04239820870453863,0.005233376903235048,0.22833948296267317,0.037797373212841726,0.03686640243203026,0.002582031119937109,0.22833948296267317,0.007542745525820124,0.003538469209278428,0.002864667785379829,0.18549156674974449,0.003089350407624558,0.0017735179070720928,0.0026271902706539235,0.05076328775932374,0.018308361398650448,0.036924965741358416,0.012211506666921064,0.01693626027242842,0.029107108001764026,0.013167563701389362,0.007427576714387091,0.03602468751957653,0.034177920950005006,0.007524005714618078,0.038851948875723186,0.03901918607276489,0.0035241302974445094,0.004841036800593498,0.004721753177937867,0.2211507107841435,0.22833948296267317,0.22833948296267317,0.18660940075514024,0.0014660797737400134,0.025368137876137033,0.027186953684539595,0.008293986787165596,0.0025872033375163098,0.0295910055773462,0.09029272826190744,0.09617786354456422,0.004013134416503095,0.015312005752215778,0.027595279467291685,0.016261635871147616,0.019763761224122416,0.029738653368289007,0.02150588368235923,0.08929323250541217,0.0011952739127533882,0.03400691942540648,0.03122648336254387,0.020466163698131853,0.002163640468159269,0.06818735141342297,0.15218294537367916,0.06551110831432343,0.0011646472333801399,0.01865575107170691,0.026890480417867513,0.017081892802646662,0.006882849758611172,0.034493394421604644,0.016740799670653613,0.22833948296267317,0.011835655971100624,0.05702563881973642,0.016802947239299527,0.21615324482074666,0.010766258264198804,0.037938972433174074,0.03259949877502361,0.14864405846599865,0.011219133775702191,0.005985746542123722,0.01635779377422344,0.08740897356662385,0.012629008419915098,0.04584589288001375,0.011136330871025762,0.019636888393367084,0.04058484940481739,0.14321752211979058,0.039137703252341643,0.19749200940687942,0.065300336756306,0.047360126186776395,0.023395473223034424,0.09525095643562836,0.16637714712884513,0.0845442057589363,0.07533125683619835,0.11531496743926764,0.011166401618372068,0.012419384539634207,0.009556200961013667,0.0015605948126986814,0.02225516541670999,0.060077113121975535,0.187137085986276,0.09776370278237505,0.022714267559130863,0.04701021458322452,0.08649830267857077,0.06641365062636405,0.1661146735273575,0.22833948296267317,0.22833948296267317,0.22833948296267317,0.02016887224419923,0.005848459441436854,0.014079257016463865,0.0013258202964961659,0.02594261560872671,0.015327621595693428,0.10742302941797685,0.013527402614197048,0.01837463657406039,0.013914344269261712,0.05236180858408957,0.011467762077682278,0.038951516070184045,0.035596108411267625,0.02168441330596332,0.022173735994988963,0
0.19121563234723185,0.0112975482171537,0.04389462916758551,0.003135968010654799,0.21181677727597772,0.014731114649227377,0.01731746995105364,0.006565021830887311,0.21181677727597772,0.017382975659869244,0.0021187985610421987,0.0008283202181017782,0.17442885340089637,0.006700394774916502,0.0016042033039987123,0.004554819014528105,0.041495471054764956,0.014256766624807387,0.02393013508499861,0.009838949513064105,0.024843624172281004,0.10704873241751486,0.029603845042280096,0.02697912088030261,0.03576357276976453,0.06589675754286618,0.0514476267870035,0.021895983484281394,0.0093623479374271,0.030119788623194862,0.03976246535177926,0.006897601067003312,0.20034327359091111,0.21181677727597772,0.21181677727597772,0.18604376824295996,0.005287838225858784,0.034202937173194024,0.10925285699558097,0.0651955106452612,0.01329965850625428,0.067086795804498,0.15928028412622686,0.147596662197688,0.002567558497812241,0.07613713375391384,0.08793547966078923,0.07049625098836114,0.008096087510616745,0.014914767083123304,0.012950740379843234,0.044194997857203815,0.003945979904018858,0.040030775910506376,0.16917432869815632,0.07522564759528633,0.017744619060325692,0.02453110152307991,0.1003236214973987,0.08809687449148611,0.005103454319719389,0.02344236236043248,0.0342054332065116,0.03208337127450659,0.002123157109099127,0.005034671781119981,0.009245372568848546,0.16595693709554682,0.010622806664003398,0.02526739733318491,0.05598724396887166,0.10699029964755098,0.00901314137033983,0.018702905284664863,0.012816965537873605,0.11006161477884908,0.01972216802595732,0.032853990107155936,0.03855599676872483,0.1081176046772654,0.037028342543739205,0.10576520237374167,0.07545307938738605,0.12941984320351657,0.06804935063615257,0.08240329078032481,0.10660389356441886,0.11798052824447403,0.020208238829112837,0.11705640156367077,0.0955169405355786,0.08098811433538854,0.03718648082595176,0.06403527911584603,0.06494311504110432,0.05984899161020358,0.03437298385275654,0.050264605034595025,0.10637937683615258,0.09098008465325436,0.02854562139756994,0.021692858937345724,0.10224205827677144,0.10389793702480334,0.007952895603949052,0.1473384944362199,0.21181677727597772,0.1729659265815427,0.16732179081954307,0.21181677727597772,0.21181677727597772,0.21181677727597772,0.012334338169056843,0.01114604862721908,0.06202349611971202,0.018970507774743545,0.016696297807230684,0.009101818604538958,0.051974095090051804,0.023093913815417397,0.012703496168484648,0.010924071300254194,0.011578686378726987,0.006507010406692257,0.0368990566785153,0.019159957018540737,0.00883053226897989,0.012241306636448908,0
0.17631259749882988,0.011402498327916158,0.030233897210596633,0.0033279625996718142,0.21399598016380275,0.020406785863158545,0.008017620390876093,0.007535864157844097,0.20582515915701316,0.017897545396406155,0.00494165569704029,0.0041415364390948815,0.15311623100822458,0.0063830489994055216,0.010228174893650875,1.586886103836651e-05,0.05774056936300317,0.03411802400434523,0.05377311724115889,0.006839608197630371,0.020593584529476183,0.05609492779452037,0.013271590902129265,0.028978759577744602,0.010470753609476493,0.020119561257241694,0.02178851077759392,0.019312548198737893,0.018508131641114162,0.05055230856699724,0.028555028430391507,0.007106745368412451,0.1840421504721069,0.21399598016380275,0.21018934949103538,0.14193127695547356,0.0011766149110512209,0.0247128268116146,0.06955169355347936,0.05986227354604443,0.0031849828409395682,0.0297124650769018,0.11760400852054662,0.1388167320177011,0.032781272141211265,0.20895528802150576,0.21399598016380275,0.19576753080038325,0.014220318261654229,0.021491870581726927,0.020966585219246953,0.0656677060170635,0.0014425586711633344,0.09261782763946622,0.1274904799181992,0.05942815115804482,0.004229255431593077,0.014355986342471745,0.08336448248012213,0.07331480175973495,0.017982392849107215,0.04505317795804189,0.029951355573132176,0.05043452710724229,0.00788053500700486,0.02713422592231582,0.04035682930112793,0.18389846451307987,0.035050442986822514,0.05967458532634123,0.05325384554774631,0.09721806236007238,0.0496119789329318,0.02009641350367048,0.022535346477416854,0.10727844425690987,0.061857733037358524,0.031852139571691654,0.0053355271538082704,0.08318887539989134,0.021375917624085066,0.0845382101978408,0.0532614832741521,0.06553558507360306,0.05543593551819026,0.07296752924957829,0.05241341545232816,0.07176689462581307,0.05600068462788943,0.0753911515341352,0.05337011365745893,0.05415442880974543,0.039832212764435285,0.0538275772614993,0.05028684542669451,0.10437280589399622,0.012992773319301166,0.0402659436444372,0.15686472273856844,0.09737124381813839,0.013018212206165454,0.05326819910954989,0.14114591401379456,0.105541830220676,0.019614766923738394,0.15565285373645316,0.19159388265690122,0.15616475559224421,0.1590976231710405,0.21399598016380275,0.21399598016380275,0.21399598016380275,0.017989793831491206,0.008868606727761737,0.029683869293294942,0.014648530007297857,0.011746765751177736,0.010128778480596793,0.03348537190641691,0.017673321314810135,0.015074291633279465,0.032578651997867726,0.019102284833139464,0.0122756404417305,0.03610423058770092,0.026208207633120158,0.03293184716560052,0.011515244792079606,0
0.20072924223640737,0.005972170796157445,0.03581789786781882,0.009149627091392682,0.21723250599578403,0.004161059660189607,0.025178370109532555,0.016893227572863354,0.21723250599578403,0.0031429107000997734,0.0008697790313963922,0.006081768209576929,0.18975608298059551,0.0016432911478752815,0.0005847540151346089,0.0009374547888445102,0.041697368541500905,0.01591443182625771,0.03891503364005537,0.013137100986240801,0.013395125725615475,0.00575020883045183,0.05784625763540613,0.029256449957505894,0.013756066592536618,0.01329321985495652,0.011330712185599445,0.014491311093974679,0.007879112124360666,0.009976259007325239,0.03389720353907875,0.023295450655117327,0.20553877823550748,0.21723250599578403,0.21723250599578403,0.17312074661903587,0.005826408782962577,0.009911591048501195,0.08757999551502985,0.02989160369915244,0.005767648271110255,0.01664216861787783,0.06585126490286802,0.06324077388156275,0.00038859202489407383,0.055483565170982505,0.21044944852784653,0.19089625687525674,0.015944297404861703,0.01596061073850276,0.015296945914678449,0.07904834323120305,0.005259456113032838,0.045142987771433274,0.08971627014672784,0.0700729063638535,0.006089291177789357,0.024537018936297228,0.1037295955340335,0.07471884057646663,0.0006689909458520651,0.023468087507944248,0.02425868148830317,0.05357581495281296,0.004748034274749814,0.021596385882053638,0.014172136887403734,0.18879648266913915,0.00932306568900702,0.05255033582682531,0.09750220742189679,0.13588192743390629,0.007927226826324206,0.021685264375157186,0.054634870465172014,0.16302284381941498,0.014297955704673486,0.03844617147773606,0.0025536385529512616,0.05964285262192056,0.017351851153317183,0.05287644480588791,0.07195793192656172,0.11764022422706712,0.01741830671619357,0.048734482463594055,0.17017828064542492,0.1791950684427252,0.006398730768485339,0.04781937667139681,0.0901454060748218,0.08108516472759243,0.045377727397087564,0.1825022200979427,0.137406045032036,0.10113327452390598,0.011772509345272823,0.012894465111365118,0.07420238261878083,0.06054256908237918,0.011813561342418337,0.012320167533076602,0.11464176112731485,0.08512630284251707,0.0037391699976802926,0.04006399303858735,0.09689119397222937,0.08297762948021112,0.19541303285699665,0.21723250599578403,0.21723250599578403,0.21723250599578403,0.015994293669241693,0.004419828084196595,0.025234064546793195,0.01297021394009987,0.013873456016555819,0.0021132430659718594,0.05091264591582448,0.034256492253075733,0.013424237433357739,0.002485275561008627,0.0019355774472470083,0.007872164356525097,0.047350832007139576,0.008192097412298854,0.010333977443837615,0.012057078487398563,0
0.17808694159593333,0.020364903323400813,0.03117043716997588,0.005208274077357531,0.21109442401143297,0.024375607344927074,0.01812524187230107,0.005699794854956011,0.21109442401143297,0.022679949142427033,0.00010593606217720614,0.0008065372006284049,0.16927192606574076,0.01163706883494819,3.3944252952101335e-05,0.000921585520815295,0.0672610187671599,0.044029019459275696,0.033059944319440995,0.007299294866015694,0.06416081017019803,0.08780245082563468,0.02689487317358995,0.029268958834869952,0.03932887466203328,0.033698092787018206,0.007256398937543804,0.016277550080568182,0.013540833936946904,0.00952980743955821,0.00667895239942501,0.016975632448745576,0.17597512619936967,0.21109442401143297,0.21109442401143297,0.1578165923767848,0.008556298448859984,0.019652970084513645,0.10132340875455566,0.04416423429056195,0.015332395417589762,0.08353546059883504,0.14126126737059685,0.11924987611816426,0.015227571305182215,0.14217465719955097,0.21109442401143297,0.18448148644136497,0.014420797249844231,0.01537199312495358,0.020904922992707756,0.04670950867127283,0.002934314417595786,0.04511009813665377,0.15942638378320298,0.03947212817087114,0.024586103821723194,0.04314241958851124,0.08181236487722326,0.052034981660916975,0.0102185039533496,0.05727739254435307,0.06390890027751828,0.055058502366224865,0.004818126445727883,0.03237295418506594,0.017975956656240206,0.15100566649708363,0.012346437320117901,0.05539186620993691,0.0779247850239446,0.11479708989172102,0.0420603282464037,0.015078654746846207,0.032822227809564675,0.09259596066739373,0.01874376928998593,0.010008628161074692,0.005621197676905433,0.07442029410204234,0.011763810417218148,0.07549562936360858,0.07113465076869907,0.11604911149801048,0.05509481044116924,0.0928653882462587,0.07262652321440555,0.10046431071675752,0.07757893992593265,0.0968022597535039,0.09612545780281075,0.08378889303001465,0.04215093042691475,0.059435670669359855,0.05018472336761579,0.0380597752634762,0.02298801932372453,0.01543738559360173,0.12330267201814409,0.08171816473837078,0.010735919609950493,0.021780553596751902,0.10460586636608069,0.06564064935701718,0.024857123986161984,0.19076170135632034,0.21109442401143297,0.19276746087067945,0.162547698172808,0.21109442401143297,0.21109442401143297,0.16512572463272582,0.026231365190321966,0.007914539099950244,0.044910971606466704,0.01549006741651505,0.01188500908200585,0.011532736816420499,0.043149562700753784,0.01808918610167724,0.025407655585314656,0.02666124783914761,0.012764964692974034,0.026496724519771187,0.07294129626734917,0.017487710891973818,0.007292278283713229,0.01627521682621486,0
0.20891724657249391,0.024169310668894793,0.06044989453195829,0.0011926929087371354,0.20976660434349537,0.023467586263365873,0.03959816104558029,0.015625609253519766,0.20976660434349537,0.013537492247884248,0.004006393512078779,0.0013924689843524472,0.17863569866837556,0.015172586991978581,0.03173731444614501,0.0015763521997917318,0.04487983259208809,0.015282925026475913,0.04461477479974245,0.007061610759139166,0.013917589702531027,0.03944334663132982,0.06378477822729349,0.016781532491821845,0.01855411058143135,0.053443483648246755,0.038074239647727014,0.022866951027455056,0.007355725873853317,0.015479381826409327,0.053198503371853376,0.01714580251677317,0.20976660434349537,0.20976660434349537,0.20976660434349537,0.1552807638330099,0.001466344206376093,0.027620964263814912,0.11403626463839849,0.05376493161037357,0.005607592186652477,0.02691418401539464,0.10763899817287176,0.08791047731655625,0.0030378367586263227,0.025403262470948398,0.09706066081271818,0.09965225055377064,0.01948332378365231,0.016218875908179105,0.013118357753920153,0.05373612684440608,0.0025249660544469006,0.057998458167424334,0.08696145059094626,0.11215408168095516,0.005505441019900859,0.021322085153367677,0.07211692003419226,0.10990871296132379,0.01108372571885982,0.022648744304143754,0.026905709364879456,0.05357554946959701,0.013694829991015383,0.032814839044349495,0.012112191793046134,0.18901370602007744,0.04645956670169751,0.07674479713625244,0.05031053492766345,0.10845934149650521,0.05493675040799041,0.022907561316100184,0.0306324819003832,0.1281670041885288,0.0387492166056247,0.028335543847918136,0.005282710012697695,0.08394411123937,0.02140643528480169,0.16022843666913109,0.1034915822801249,0.08174671291330897,0.08496678752165604,0.1402871077250554,0.1757868033207677,0.10343801688578004,0.05746577023184378,0.06501119399578945,0.10965662898533488,0.04791422057990686,0.08952767323099432,0.20976660434349537,0.1330799836519343,0.11225872598368455,0.00346794946093261,0.013412610319364617,0.07745889853153588,0.07459125006891391,0.010319057778585949,0.013885864660209232,0.11172063498304224,0.10603492204773296,0.005621843807665644,0.03786932386004912,0.13540065697009365,0.12814221334091794,0.1475207852332537,0.20976660434349537,0.20976660434349537,0.20644717703408227,0.010980246559626101,0.00659666859559983,0.019970509863375875,0.011639384364959178,0.015006371624141594,0.013846572819973793,0.055782455083805735,0.056568662223251485,0.014086812441107021,0.012163534312005229,0.008743758768980066,0.039453166207040105,0.03481416640057609,0.02010192053396743,0.06351043219885086,0.04405057942416541,0
0.19897669620945432,0.009132578050908093,0.03520346434492297,0.003651632777982028,0.21092725726319572,0.006544086390958145,0.02800398651509846,0.029864421984251426,0.21092725726319572,0.010958812298710457,0.002992153499884427,0.004288154262032473,0.17002630185479045,0.00659680017099855,0.0007670637897471774,0.0007024421766476926,0.04487377699636653,0.01711896774599651,0.031757116600128095,0.004152636382527361,0.01957286553352785,0.028021453621326388,0.027201425522956152,0.01802682131442395,0.021935855640464824,0.033465017415409457,0.03047485751997973,0.013470377177126978,0.009387119286245948,0.02238202636762871,0.011253930762934775,0.0033007148252377286,0.21092725726319572,0.21092725726319572,0.21092725726319572,0.13516980302113682,0.002287274947148953,0.01141211566940145,0.07009499665055172,0.06526595688255475,0.003769118841400304,0.03482503166858004,0.14180456526861943,0.1681989115661462,0.008347459779602379,0.1511236766404951,0.19234821475428016,0.1350242492554443,0.012407368471659703,0.019321079743843388,0.019340832392648073,0.061145773582543764,0.0007422904941963294,0.047179436191779105,0.12365249443909451,0.07076336708647517,0.002038173484050911,0.017891265578394207,0.09315173097712322,0.10572522519318533,0.005236013689349476,0.040399934406232116,0.026356269652285002,0.03970631451304372,0.0018827088178617996,0.029187230278743693,0.03999187805031294,0.19220030184638326,0.011179259490046087,0.062430431042311114,0.09371085715211139,0.1287346063452033,0.026183631114486818,0.02645531689524022,0.03997261925320567,0.11042672150388891,0.03538938117902432,0.03365607323035802,0.012944156523236333,0.07369461596380633,0.009351601113997136,0.06761012339748596,0.10106688791280581,0.10298540614182346,0.03747170147806262,0.083969011291898,0.13311069699606343,0.11730415078664974,0.05764782539891467,0.10038160828213494,0.07517432923688004,0.058790943816050954,0.03796803329921592,0.06817459128986554,0.10514220469982877,0.07027949316752062,0.00711215385409995,0.02068333063091699,0.07879386468414791,0.05175841896346107,0.015301346315159671,0.033390477990773375,0.10188616221958026,0.07782765179526749,0.013109249173176716,0.11974088518372385,0.204373907171197,0.17849440025816005,0.16784863824549814,0.21092725726319572,0.21092725726319572,0.21092725726319572,0.020695595433170948,0.0031266695651092774,0.02371651765961878,0.01800065185248988,0.03253804868429148,0.003777314751135401,0.06046705498761117,0.04862343345085117,0.01309197443105648,0.012874881905012243,0.01572874108301183,0.012196182561456976,0.0368755682992847,0.014542372988326441,0.01129820751104187,0.021382008008013875,0
0.20013440097136798,0.024529563479825944,0.0392124039764996,0.007902055150497678,0.20731846517975788,0.011369962323372732,0.018873390667970013,0.008243917604547782,0.20731846517975788,0.002617800935490195,0.0038504756343017517,0.0011889090353494956,0.1708332920647465,0.0023601203034251087,0.002040931069965797,0.002025778417152618,0.050385485787958505,0.036478245700335456,0.05951679506793546,0.0129068439397594,0.016025474710576835,0.023713613846366038,0.040257396035793494,0.018163662930364453,0.010106165573397944,0.009528215767906465,0.043604748434549256,0.009056936143054018,0.006631361362541766,0.01510960331363519,0.024655190571615773,0.01693963239528888,0.19678536597357787,0.20731846517975788,0.20731846517975788,0.18213929960222996,0.004738224755239564,0.025698402112487407,0.1661890708400711,0.1314852882775833,0.002666875582344123,0.04903080028069673,0.12304505070436643,0.15145046775358229,0.00032133379707806624,0.058759748740956685,0.0937605921552621,0.09140269339304646,0.021605739887514686,0.028462063188971466,0.036790294266844645,0.059904517180143814,0.007768900225558404,0.05587227684612292,0.16008724311768743,0.11297678747476089,0.0028440995375172487,0.01893116535927831,0.02995227191858106,0.038753656363874504,0.0017254736745780654,0.021609714985480512,0.05374783405998733,0.030180133682237778,0.01916477542751058,0.05285514784291163,0.038328476261936625,0.14637266818929165,0.016849701784252217,0.0494237026816556,0.06262013863520216,0.11046182024036384,0.030210488812389056,0.0917365597612263,0.011295506313236652,0.08001583853371287,0.02269886981138041,0.06980617274649692,0.035272050571590795,0.10074694253884994,0.02198081550888514,0.08424806516835037,0.1367450926868389,0.1583478797467961,0.011909484402078622,0.04367403109743159,0.11641394340510694,0.110245402101155,0.021273731822779446,0.1365402762181163,0.1656625978891495,0.09966550647121974,0.06189141989928157,0.06509233130994742,0.03529494317103432,0.05475764894303088,0.014137534428957555,0.029167505262720828,0.15972258799693081,0.13173969726826928,0.016340111101228773,0.0360782863402326,0.11340498973383803,0.1072354891806801,0.008166990850680922,0.13380542604126922,0.20731846517975788,0.17999771552758245,0.1693778918443247,0.18885286743207466,0.1724104781170547,0.12924562810417395,0.015009860212033932,0.006209211185597824,0.05689754101905484,0.02967891319118029,0.02205188437542736,0.011254839179734043,0.037554579962120374,0.025296869843448252,0.015981818521458496,0.008188799095990615,0.014444310988192804,0.009857186886011868,0.04028917652761774,0.007231641949832033,0.01124242544098201,0.007418545190850901,0
0.17793659557032382,0.03367176959347337,0.024777168193597945,0.001386540322288327,0.16769841358467052,0.024108424297538726,0.010849730308245804,0.004827733392336934,0.19663377013991898,0.010810234692794775,0.0026056396692519667,0.004788979836662947,0.15063590182218606,0.0028809537058857872,0.0004974611746167526,0.0027742437021362255,0.05047387549359813,0.04629495299200576,0.02603981636031514,0.007064628562750021,0.14943579584487998,0.10052015017650033,0.010075872266148762,0.0397524306930195,0.04179298960011201,0.0333353942387045,0.017084553938981492,0.015892482081150117,0.008374687139593204,0.017682673876756334,0.019224152539561713,0.07082285041103133,0.20197627136006896,0.2124229593442364,0.2124229593442364,0.17419642837863333,0.027191380023111847,0.048807994145744,0.07216417010046902,0.056433612561216505,0.021105472254270508,0.08028087188041685,0.09100888564333669,0.07081366048993128,0.011199414705326559,0.08083251357413501,0.12775299757494551,0.08962556319029667,0.011230506019729703,0.02449324423182563,0.022139725313240887,0.05982248858011668,0.0022836907830196076,0.09977986640702985,0.13513709018415682,0.04055988547799529,0.038019744355293685,0.06981885930261451,0.07130361795984608,0.04731000727625645,0.027223178396580863,0.15722392123990558,0.07792742562330245,0.05598275795489726,0.0038841353840710154,0.011218819058202427,0.014876328315792142,0.15730425387110242,0.0040524304107007565,0.022395031243830903,0.0643129713627291,0.10580621659468945,0.0395634523404951,0.017719846315692244,0.038025184165333924,0.0770523373634717,0.01530076525035972,0.02228236320098824,0.006893928822027229,0.06853895976875601,0.09899963568537143,0.09795174154102099,0.061036728658662644,0.15031147324016117,0.09864288000328601,0.055115303181408004,0.06982207174079849,0.12728482552711992,0.03356980642820612,0.07897425186577428,0.06827871335948028,0.08929972971965211,0.010126620266244231,0.025277137754375276,0.04850248731727106,0.0653501742451991,0.0795538472339887,0.09016996821828376,0.16796290600482303,0.10880821767239648,0.05571716981807941,0.07549297001995674,0.14529673068279247,0.08908044310826832,0.05599084541670391,0.2124229593442364,0.2124229593442364,0.14053938527456514,0.15659706889295166,0.2124229593442364,0.2124229593442364,0.14983567751715438,0.01782377347350359,0.041939862536445924,0.06331835103699274,0.00802525004155151,0.028035432793652885,0.02550548856163531,0.048149397939371764,0.01262500030087887,0.02101397064670917,0.019735235017056943,0.027887583310140532,0.015292384619210337,0.05052142889714618,0.015594071773082875,0.018088273200158312,0.009115451798385542,0
0.20798497055977297,0.010549846633128187,0.031602182128006424,0.003700980926003075,0.21003190242569472,0.01119520634451063,0.009201085393372771,0.007096914516393111,0.21003190242569472,0.016176628127427893,0.01023304270376426,0.0029721906125442224,0.1739048837914039,0.015145982579703055,0.004777110759973463,0.00034707855589851235,0.04397409918160349,0.009759078454650589,0.018102882091438538,0.006523919906268144,0.013154715822649609,0.04419759849540166,0.01612731512365797,0.018778484976187084,0.026217515838178482,0.031020633611433895,0.027970372025431355,0.013895457528663915,0.006192099432537084,0.04726505668489112,0.025618613157745943,0.0060997051232394035,0.21003190242569472,0.21003190242569472,0.21003190242569472,0.1427457128582618,0.005049951091526075,0.026717086737480685,0.10933768507509453,0.06900420195655989,0.01229288699785747,0.05946659074371944,0.1695870267487037,0.15081536837837622,0.0015678825940620843,0.09148605225883967,0.13786487478535028,0.11102994812149271,0.011582584792619033,0.020707099256422813,0.022606194220148177,0.07765940627246289,0.011636815154093611,0.07144274679079915,0.13406305556828843,0.06298801827145102,0.022857699353258678,0.040098520322539,0.07300356797797633,0.0777162838949069,0.004182498120608988,0.050887645517651355,0.08060310676753812,0.045753608800699654,0.010543467365133693,0.016079604958947766,0.017593516474891303,0.16500447968505147,0.0477003015548743,0.056858459316202675,0.04029570877095415,0.09301134532078068,0.07034466493343582,0.10626994882027782,0.014138686328968926,0.0844466326169744,0.03058650624554611,0.08510557475597322,0.0253738088378649,0.07877488510850866,0.06269113822984844,0.1522223794155794,0.06671448703314982,0.10952223097181467,0.06275438475124523,0.0818839984112653,0.09510644747848236,0.12217599836354884,0.016822286174643337,0.09468968606657259,0.08775327854472793,0.09363433010560836,0.04302345604457355,0.05689524142156892,0.04645679403760184,0.0819229834373174,0.029321729901061636,0.040685717961358385,0.10658543240438144,0.06763891670797974,0.01389553583818855,0.03061004588459826,0.12569287958736836,0.08866210819295406,0.007302197044093599,0.12921302050992642,0.21003190242569472,0.13505074664792044,0.20858180782388838,0.21003190242569472,0.21003190242569472,0.19329426413937675,0.01765672890104173,0.011909854014101984,0.045061666506305185,0.008485029643007649,0.013829811787820823,0.011290185025625198,0.05080084222062052,0.012208714980235763,0.016433092648055495,0.018984162865337176,0.018136404782368613,0.013926401683205213,0.05059199082453211,0.014007867854311625,0.01827832176711843,0.008115451830304113,0
0.19038270829511283,0.021744098058167894,0.0654972706611108,0.006948032999745659,0.20953565274428132,0.02502053048000225,0.03386003217314404,0.0035057548159032905,0.20182766937036525,0.00958888204702861,0.007235927895603622,0.0008356782467179856,0.15476316899200393,0.006185748494403033,0.0006949944556918886,0.0020599611431193735,0.04446707586704567,0.02852871369623424,0.05931760229005821,0.012271794307026114,0.009113179686010204,0.06969142822466648,0.03958663190549695,0.010427116191230006,0.011158796985644837,0.040148300920674,0.025495107364509648,0.02131023035040019,0.00971141973401447,0.08303155806228694,0.03627150093493428,0.03557339373376401,0.19496397132960086,0.20953565274428132,0.20953565274428132,0.16474732311724138,0.0006603579865750877,0.02526553185032296,0.12075205871104895,0.06520540557910336,0.0023129300631108698,0.03997147413993726,0.16210062704569544,0.1328674871342194,0.0035529243132325886,0.09950977122764129,0.1550744701356881,0.10532056470334451,0.010248239882288134,0.011476894199329611,0.013279494349942977,0.06068542335616156,0.0009020477978398941,0.035013741208000874,0.1172142802380345,0.05655916196864602,0.0029445205446145006,0.013741333113745025,0.08303014488678828,0.08676949844299445,0.0035151319092799355,0.01592982255872708,0.04313438025017207,0.04645504857926573,0.00536811410847881,0.019682626596683232,0.008412012903825518,0.20914219739337614,0.024685622600269994,0.06855916651987827,0.03782503276924113,0.10999401770677923,0.016321121031714618,0.029811244256846996,0.019567161219700247,0.09787480383153328,0.016855052082080556,0.041073780289898554,0.046327436060645766,0.08462212962081883,0.0234588109152304,0.14710391351914678,0.06668937114365144,0.07345129782424106,0.05235499905688202,0.10697763086454086,0.08378878912092864,0.12884993513161533,0.029244867127241926,0.11885841643661486,0.08914552115282832,0.09439443956914868,0.06705390850638382,0.10013946458449838,0.07387445252701859,0.04786488160923156,0.014872802458950776,0.040009785987736676,0.10698256603862986,0.059733526165612866,0.02319299659661171,0.017552876013506146,0.16063468813919815,0.1434939501880815,0.01852725818460591,0.09745660797622686,0.20953565274428132,0.20953565274428132,0.14783681617864944,0.20953565274428132,0.20953565274428132,0.16550064616519053,0.011136442750256464,0.0069191584878670696,0.035065625621694005,0.0059234078628055695,0.015523650126121363,0.011546242158024985,0.05740015050816081,0.025331136949533435,0.01936238081438931,0.035242761339187884,0.03826254374351913,0.010824911275375063,0.03092899939154335,0.02032935312090704,0.010562445483243275,0.008839458279751494,0
0.16685694110155577,0.007394277788146197,0.04765821074769478,0.008958547515422296,0.20818980759044517,0.004476152539918817,0.008849154691670457,0.003223058391230561,0.20818980759044517,0.004390048596325636,0.0010473022903037465,0.002237277131728393,0.15924812550811104,0.002086513943622857,0.0003072676195980413,0.00028738836680956115,0.05256045885249864,0.040293539201629126,0.06703330312781955,0.007465636350003778,0.07350239924833542,0.025692870862827746,0.04797735847691469,0.012671314794787685,0.013016648608308154,0.0064334006407894394,0.01263048286863574,0.026240008564010316,0.01059140338250801,0.027132957900943784,0.02027939769323257,0.017012197120698676,0.18018536455724649,0.20818980759044517,0.20818980759044517,0.1575054138780824,0.01853914821614558,0.026833686962065048,0.12611580356435292,0.06920489226526529,0.003633523458825626,0.043249206571468496,0.08580536158057299,0.08137467353319915,0.01948634131397007,0.1845805587749808,0.20363863704178006,0.1561018065582796,0.014077495062110609,0.029176063423832856,0.01735171649005599,0.05643948268690988,0.0026834305211908007,0.05718538277059242,0.14423011507309383,0.11553161078996949,0.00406997638276212,0.013552780799533162,0.048373338057726964,0.08009291052684203,0.01525870488944967,0.038167302762964726,0.04071506240916773,0.04910927256217051,0.005662801534750654,0.029533384578434154,0.027095437784768462,0.14886909215235436,0.003454631386245337,0.05624236891752807,0.08754156814342119,0.09369539480650445,0.031892002990601194,0.026547115583733474,0.035830976423838104,0.10365350384411517,0.05764334939264271,0.04407442254655071,0.007701595791234511,0.05711195831225346,0.005062865576150318,0.0414931934599306,0.10064821762786105,0.13779036127928648,0.009905913258961358,0.045507398491109914,0.1000619516859496,0.0845077517811973,0.07094503688178698,0.11296822336529867,0.11141706981987477,0.10189582832491689,0.05930560744709039,0.07161801478416692,0.06632068480940834,0.0743007010018121,0.011519294721646969,0.011461350173843908,0.14368182456894546,0.12998718758334143,0.01357004316797945,0.02201810188445542,0.094344537576253,0.08862032839168799,0.030586207446855508,0.16619609790533266,0.20818980759044517,0.16721232582728346,0.15499130139964434,0.20818980759044517,0.20818980759044517,0.20818980759044517,0.021762770906762274,0.007051145273412028,0.04485633601249692,0.017271917026736305,0.016768243887831102,0.006395321737815179,0.027582280833248034,0.018821051913307716,0.02818502998420633,0.07221539343514802,0.02989319810478127,0.012965758651162496,0.03586756412782717,0.03825583003781702,0.020318415826735072,0.014392101167184743,0
0.1839154152604211,0.04070677498094999,0.03429687265837544,0.0007925265000264597,0.21093091082134577,0.043966834117485275,0.053430343969224324,0.008544568717770595,0.19418346979640047,0.007215449649085198,0.004162355131318767,0.013730728788541856,0.15490187562062027,0.008349734401618198,0.0010422904248438428,0.0010873405621391863,0.0413508297258618,0.03619656506345205,0.04700208832713983,0.004724670376218151,0.0329190520879029,0.12560260048956845,0.025372333481681688,0.037701245658535845,0.033123640544741435,0.04911646214142765,0.021625979207085824,0.038992208549775226,0.010326915466604776,0.03137136691670386,0.017382819210927294,0.0036232258968056947,0.1936636370939215,0.21093091082134577,0.21093091082134577,0.1460340541112374,0.008705838548201625,0.03917229465610012,0.07630354437803934,0.02755883669063056,0.013370328900558328,0.03406107195535711,0.09524661988727304,0.0494472653629041,0.009526413237356509,0.17548471756155518,0.21093091082134577,0.12395235209435701,0.01212481078016032,0.01674861159256261,0.01257604934279217,0.052858369432346654,0.005855715030651204,0.05489634210600018,0.059053979307365626,0.019582109846349848,0.012320339296470195,0.03488685586286251,0.11280410702010932,0.05735733850398262,0.007733260918872337,0.011083198856592863,0.05061963279531876,0.06565369856992749,0.007404023526138589,0.023252891662810825,0.018389640540508477,0.20892201669853264,0.03305907963843138,0.09372222506222405,0.06228314559763573,0.11285331132917903,0.026631906892686293,0.04071156351930674,0.1011153090914285,0.12193529645294873,0.03791819437476497,0.012204758131553823,0.004040354768338522,0.06405548608281414,0.04298017552911859,0.14343406286067473,0.05032084718335677,0.061422786719781575,0.09693822972282085,0.17044364379169274,0.11997704310469573,0.1901235856203514,0.03088510377562396,0.07015450262034553,0.053939953262418475,0.025213794777166385,0.09661086568880198,0.15901360969242215,0.064800639031678,0.05894806508664623,0.03086598576163945,0.04460847924888339,0.07353791529091325,0.03492271963707915,0.02733753732061476,0.052313801914296874,0.17100745137629278,0.13435452041114598,0.03014907054524597,0.06746658544325931,0.09254036106662575,0.03749826151453981,0.1371147156269836,0.21093091082134577,0.21093091082134577,0.19622249020525526,0.026316982710664842,0.016508640230477194,0.03500116765619298,0.003060631437547772,0.018554153621155305,0.01341795970644903,0.13558600399290782,0.025422419910477372,0.025615157853798424,0.025067251846188666,0.019691157887640563,0.01456382022983915,0.039317313203586474,0.03818329302704797,0.03863157811705741,0.05162528146393613,0
